team_id,total_score,num_games,wins,losses,power,overall_rank,recent_opponent_1,recent_opponent_2,recent_opponent_3,recent_opponent_4,recent_opponent_5,div_rank,last_rank
St Joseph Santa Maria CA,0,0,0,0,480.8437,-1,0,0,0,0,0,-1,0
Union Grove GA,0,0,0,0,457.6696,-1,0,0,0,0,0,-1,0
Ontario Christian ON,0,0,1,0,454.3900374,-1,481,481,481,481,481,-1,0
Valley Vista AZ,0,0,0,0,450.8152,-1,0,0,0,0,0,-1,0
Bishop McNamara MD,0,0,1,0,450.7862501,-1,481,481,481,481,481,-1,0
Clovis West CA,0,0,1,0,450.0911953,-1,19,19,19,19,19,-1,0
Folsom CA,0,0,0,0,448.4584,-1,0,0,0,0,0,-1,0
Putnam City West OK,0,0,0,0,445.2351,-1,0,0,0,0,0,-1,0
Centennial NV,0,0,2,0,441.037349,-1,5,19,5,19,5,-1,0
Ridgeline UT,0,0,1,0,436.9433996,-1,559,559,559,559,559,-1,0
Moreno Valley CA,0,0,1,0,434.9736499,-1,647,647,647,647,647,-1,0
Northside AR,0,0,0,0,434.0995395,-1,481,481,481,481,481,-1,0
Rancho Christian Temecula CA,0,0,1,0,432.5502498,-1,40,40,40,40,40,-1,0
Westlake GA,0,0,0,0,431.3963,-1,0,0,0,0,0,-1,0
Middleton ID,0,0,1,0,428.3051271,-1,328,328,328,328,328,-1,0
Lowndes GA,0,0,0,0,428.131,-1,0,0,0,0,0,-1,0
Fresno Central CA,0,0,0,0,427.9235,-1,0,0,0,0,0,-1,0
Osbourn Park VA,0,0,2,0,425.7944667,-1,647,419,647,419,647,-1,0
Mary Louis Academy NY,0,0,0,0,423.1395676,-1,517,517,517,517,517,-1,0
Sierra Canyon CA,0,0,0,0,422.2847,-1,0,0,0,0,0,-1,0
Coeur D'Alene ID,0,0,0,0,421.867,-1,0,0,0,0,0,-1,0
Flowing Wells AZ,0,0,0,0,421.7272,-1,0,0,0,0,0,-1,0
Conway AR,0,0,0,0,421.0823426,-1,721,12,721,12,721,-1,0
Bullis MD,0,0,1,0,419.0741876,-1,721,721,721,721,721,-1,0
Democracy Prep Agassi NV,0,0,1,0,418.4628629,-1,419,419,419,419,419,-1,0
Steele TX,0,0,0,0,417.710721,-1,12,12,12,12,12,-1,0
RIverdale Baptist Upper Marlboro MD,0,0,1,0,417.1539949,-1,5,5,5,5,5,-1,0
Grandview,0,0,23,3,415.5142265,1,19,35,31,2,5,1,0
Norman OK,0,0,0,0,415.3898,-1,0,0,0,0,0,-1,0
Bonita Vista CA,0,0,0,0,415.3618,-1,0,0,0,0,0,-1,0
George Rogers Clark KY,0,0,0,1,414.8876128,-1,721,721,721,721,721,-1,0
Springfield OR,0,0,0,0,413.7712205,-1,481,419,481,419,481,-1,0
Valor Christian,0,0,23,3,413.6444146,2,647,9,466,39,12,2,0
Madison Rexburg ID,0,0,1,0,413.0363674,-1,517,517,517,517,517,-1,0
Mt Zion Prep Academy MD,0,0,3,1,412.5586301,-1,19,419,721,481,19,-1,0
St Francis Prep Fresh Meadows NY,0,0,1,0,412.4607749,-1,9,9,9,9,9,-1,0
La Jolla Country Day CA,0,0,1,0,412.2534895,-1,2,2,2,2,2,-1,0
Union OK,0,0,0,0,410.7729747,-1,34,34,34,34,34,-1,0
South Grand Prairie TX,0,0,0,1,410.6422867,-1,481,481,481,481,481,-1,0
Orange Lutheran CA,0,0,0,0,410.4472,-1,0,0,0,0,0,-1,0
Cardinal O'Hara NY,0,0,0,0,410.0950471,-1,21,21,21,21,21,-1,0
Wagner TX,0,0,0,0,409.6492438,-1,481,721,481,721,481,-1,0
Bishop Gorman NV,0,0,0,1,408.2044534,-1,481,481,481,481,481,-1,0
St Marys Stockton CA,0,0,1,0,407.8669563,-1,19,19,19,19,19,-1,0
Skutt Catholic NE,0,0,0,0,406.7685191,-1,9,9,9,9,9,-1,0
Legend,0,0,21,5,406.419828,3,721,517,336,17,16,3,0
Millard West Omaha NE,0,0,1,0,406.1317196,-1,559,559,559,559,559,-1,0
Argyle TX,0,0,1,0,405.4124941,-1,114,114,114,114,114,-1,0
Bob Jones AL,0,0,0,0,405.0417386,-1,5,5,5,5,5,-1,0
Millennium AZ,0,0,2,0,404.2442192,-1,419,2,419,2,419,-1,0
Westview SD CA,0,0,1,0,403.0426178,-1,12,12,12,12,12,-1,0
Nixa MO,0,0,1,0,402.5949338,-1,114,114,114,114,114,-1,0
Pine Creek,0,0,24,2,402.4092469,4,2,592,6,9,48,4,0
La Vega Waco TX,0,0,1,0,402.1888479,-1,517,517,517,517,517,-1,0
Bishop Odowd CA,0,0,0,0,402.0912272,-1,419,419,419,419,419,-1,0
Riverdale Ridge,0,0,21,5,401.2114909,5,16,70,498,33,309,5,0
Spring-Ford PA,0,0,0,0,401.1268,-1,0,0,0,0,0,-1,0
Broomfield,0,0,23,2,400.449461,6,559,447,4,328,593,6,0
Cherry Creek,0,0,18,8,400.3797248,7,480,41,18,481,419,7,0
Cherokee Trail,0,0,15,10,399.8523324,8,16,638,5,2,3,8,0
Edge Calgary Alberta,0,0,0,0,398.9219,-1,0,0,0,0,0,-1,0
Elizabeth Seton MD,0,0,0,1,398.33506,-1,481,481,481,481,481,-1,0
Regis,0,0,18,7,398.1634421,9,647,12,716,15,638,9,0
St Anthony Long Beach CA,0,0,0,0,397.7263,-1,0,0,0,0,0,-1,0
Brentwood LA CA,0,0,0,0,397.3662,-1,0,0,0,0,0,-1,0
Highlands Ranch,0,0,22,4,397.2930368,10,559,419,478,447,647,10,0
Sacred Heart Cathedral SF CA,0,0,2,0,397.2291687,-1,5,205,5,205,5,-1,0
Choctaw OK,0,0,0,0,397.2027417,-1,34,34,34,34,34,-1,0
Sidney NE,0,0,2,0,396.9730557,-1,112,148,112,148,112,-1,0
Air Academy,0,0,25,0,395.7134039,11,84,591,86,140,690,1,0
Liberty Frisco TX,0,0,0,0,394.6532816,-1,559,559,559,559,559,-1,0
Purcell Marian Cincinnati OH,0,0,0,1,394.565132,-1,481,481,481,481,481,-1,0
South Beauregard LA,0,0,0,0,394.4411,-1,0,0,0,0,0,-1,0
Centennial Corona CA,0,0,0,0,394.0576,-1,0,0,0,0,0,-1,0
Vanden Fairfield CA,0,0,0,0,393.7337,-1,0,0,0,0,0,-1,0
Omaha Westside NE,0,0,0,0,393.5840693,-1,9,9,9,9,9,-1,0
Colby KS,0,0,1,0,393.2481947,-1,210,210,210,210,210,-1,0
Denver East,0,0,17,9,393.2325587,12,481,38,3,498,466,11,0
Timpview UT,0,0,0,0,392.643,-1,0,0,0,0,0,-1,0
Mullen,0,0,17,9,392.5974724,13,114,140,117,419,481,2,0
Lake Ridge TX,0,0,0,0,392.5586,-1,0,0,0,0,0,-1,0
Long Beach Poly CA,0,0,0,0,392.4035941,-1,16,16,16,16,16,-1,0
Buchanan CA,0,0,0,0,392.2382,-1,0,0,0,0,0,-1,0
Caruthers CA,0,0,0,0,391.4823,-1,0,0,0,0,0,-1,0
Westlake UT,0,0,0,0,390.6225,-1,0,0,0,0,0,-1,0
Windsor,0,0,21,5,390.1650412,14,5,91,318,32,35,3,0
Desert Oasis NV,0,0,0,0,390.0538,-1,0,0,0,0,0,-1,0
Cookeville TN,0,0,0,0,389.7659,-1,0,0,0,0,0,-1,0
St Joseph-by-the-Sea NY,0,0,0,0,389.3543411,-1,19,19,19,19,19,-1,0
Sheridan WY,0,0,0,0,387.3264,-1,0,0,0,0,0,-1,0
Mead,0,0,23,3,387.232151,15,130,67,13,137,70,4,0
Sandia Prep NM,0,0,0,0,387.2319,-1,0,0,0,0,0,-1,0
Marlborough LA CA,0,0,1,0,386.9819144,-1,12,12,12,12,12,-1,0
Olympian Chula Vista CA,0,0,0,0,386.6668,-1,0,0,0,0,0,-1,0
Willamette OR,0,0,0,0,386.10344,-1,481,481,481,481,481,-1,0
West Orange NJ,0,0,0,0,386.0659463,-1,31,31,31,31,31,-1,0
Salt Lake City East UT,0,0,0,0,386.057,-1,0,0,0,0,0,-1,0
Arvada West,0,0,21,4,385.4391253,16,19,170,592,40,31,12,0
Hillcrest ID,0,0,1,0,385.0646342,-1,328,328,328,328,328,-1,0
Plano West TX,0,0,0,0,384.6301936,-1,34,721,34,721,34,-1,0
Desert Vista AZ,0,0,0,2,384.0064189,-1,419,647,419,647,419,-1,0
Cody WY,0,0,1,1,383.2599444,-1,40,19,40,19,40,-1,0
Mission Hills CA,0,0,1,0,382.8880259,-1,12,12,12,12,12,-1,0
Hobbs NM,0,0,0,0,382.4305,-1,0,0,0,0,0,-1,0
Doherty,0,0,18,7,382.0812742,17,721,716,480,681,101,13,0
Holcomb KS,0,0,0,0,381.6458,-1,0,0,0,0,0,-1,0
Rock Canyon,0,0,13,10,381.6395028,18,9,517,570,16,647,14,0
Clovis NM,0,0,0,0,381.136,-1,0,0,0,0,0,-1,0
Rocky Mountain,0,0,18,7,381.1243149,19,481,681,336,114,40,15,0
Fairmont Prep CA,0,0,0,0,380.854408,-1,447,447,447,447,447,-1,0
Mesquite AZ,0,0,0,0,380.1806,-1,0,0,0,0,0,-1,0
Chaparral AZ,0,0,0,0,379.9944,-1,0,0,0,0,0,-1,0
Seton Catholic AZ,0,0,0,0,379.9606,-1,0,0,0,0,0,-1,0
Park Hill South MO,0,0,0,0,379.5162188,-1,5,5,5,5,5,-1,0
Olathe East KS,0,0,0,0,378.948616,-1,103,103,103,103,103,-1,0
Arapahoe,0,0,12,12,378.9483108,20,517,3,7,721,5,16,0
Liberty NV,0,0,0,0,378.8877494,-1,3,3,3,3,3,-1,0
Navajo Prep NM,0,0,0,0,378.6632108,-1,83,83,83,83,83,-1,0
Eastside Catholic WA,0,0,0,0,378.5432,-1,0,0,0,0,0,-1,0
Skyline Idaho Falls ID,0,0,0,1,377.5008028,-1,328,328,328,328,328,-1,0
Guyer TX,0,0,0,0,377.4479,-1,0,0,0,0,0,-1,0
Alliance NE,0,0,0,0,377.3389635,-1,112,112,112,112,112,-1,0
Skyline TX,0,0,0,0,376.7873,-1,0,0,0,0,0,-1,0
Campbell County WY,0,0,0,0,376.7111484,-1,40,19,40,19,40,-1,0
Columbine,0,0,18,7,376.6675601,21,2,479,40,60,592,17,0
Ralston Valley,0,0,13,12,376.6284856,22,480,85,38,41,721,18,0
Green Mountain,0,0,24,2,375.9634071,23,131,690,81,61,55,5,0
Mountain Vista,0,0,14,9,375.6872833,24,419,478,18,447,517,19,0
Tipton MO,0,0,0,1,375.6651159,-1,480,480,480,480,480,-1,0
Trinity Academy KS,0,0,0,0,375.4315,-1,0,0,0,0,0,-1,0
Liberal KS,0,0,1,0,374.6049836,-1,129,129,129,129,129,-1,0
Hardin-Jefferson TX,0,0,0,0,374.5708219,-1,2,2,2,2,2,-1,0
Farmington NM,0,0,1,0,374.3641761,-1,84,84,84,84,84,-1,0
Santiago CA,0,0,0,0,373.9958,-1,0,0,0,0,0,-1,0
Xavier College Prep AZ,0,0,0,2,373.7696141,-1,19,5,19,5,19,-1,0
Birmingham CA,0,0,0,0,373.4002,-1,0,0,0,0,0,-1,0
JSerra Catholic CA,0,0,0,1,373.3532399,-1,19,19,19,19,19,-1,0
Roosevelt,0,0,22,4,373.2046491,25,59,23,158,67,1018,6,0
Fossil Ridge,0,0,15,10,373.1538932,26,647,20,35,34,63,20,0
Hugoton KS,0,0,0,0,372.3204,-1,0,0,0,0,0,-1,0
Pacific Palisades CA,0,0,0,0,372.1562945,-1,466,466,466,466,466,-1,0
Life Prep KS,0,0,0,1,371.9309614,-1,480,480,480,480,480,-1,0
Thunderridge,0,0,12,13,371.2966294,27,70,34,16,50,638,21,0
McDowell Erie PA,0,0,0,0,371.1692354,-1,31,31,31,31,31,-1,0
North Platte NE,0,0,0,0,371.0782,-1,0,0,0,0,0,-1,0
University,0,0,25,0,369.9892188,28,357,344,636,144,137,1,0
Lone Peak UT,0,0,0,2,369.4388489,-1,5,559,5,559,5,-1,0
Northfield,0,0,12,11,369.1981973,29,559,19,18,26,19,22,0
Kirtland Central NM,0,0,0,0,368.2309136,-1,83,83,83,83,83,-1,0
Eaglecrest,0,0,14,11,367.6733638,30,19,4,12,6,419,23,0
Roswell NM,0,0,0,0,366.5282,-1,0,0,0,0,0,-1,0
Green River WY,0,0,0,1,365.6397851,-1,38,38,38,38,38,-1,0
Deer Valley AZ,0,0,0,0,365.5601146,-1,40,12,2,721,40,-1,0
Poudre,0,0,10,14,365.4495322,31,447,30,336,35,114,24,0
Kings Park NY,0,0,0,0,365.4495,-1,0,0,0,0,0,-1,0
Overland,0,0,14,11,364.8197214,32,480,1,7,3,2,25,0
Merino,0,0,23,1,364.5658362,33,164,253,409,256,145,1,0
Fruita,0,0,17,7,364.3293992,34,592,84,87,120,1148,26,0
Chaparral,0,0,14,11,364.2750108,35,16,21,638,17,647,27,0
Liverpool NY,0,0,0,0,363.951395,-1,31,31,31,31,31,-1,0
Cardinal Newman CA,0,0,0,0,363.8868,-1,0,0,0,0,0,-1,0
Vista Peak,0,0,10,14,363.7798288,36,721,593,18,19,23,28,0
Paramount CA,0,0,0,0,363.0643911,-1,16,16,16,16,16,-1,0
Emery UT,0,0,0,0,363.0105797,-1,85,85,85,85,85,-1,0
Rigby ID,0,0,0,1,362.8776889,-1,517,517,517,517,517,-1,0
Forest Grove OR,0,0,0,0,362.8352,-1,0,0,0,0,0,-1,0
Hays KS,0,0,0,1,362.7451811,-1,517,517,517,517,517,-1,0
Volcano Vista NM,0,0,1,0,362.6825878,-1,84,84,84,84,84,-1,0
Dobson AZ,0,0,0,1,362.6169621,-1,9,9,9,9,9,-1,0
Chatfield,0,0,9,15,362.6010606,37,31,41,38,35,39,29,0
Thunder Basin WY,0,0,0,0,362.5094,-1,0,0,0,0,0,-1,0
Clovis East CA,0,0,0,1,362.062621,-1,6,6,6,6,6,-1,0
Monarch,0,0,15,9,361.7957904,38,41,29,642,559,4,30,0
Sunnyslope AZ,0,0,0,0,361.7829,-1,0,0,0,0,0,-1,0
Vista Ridge,0,0,17,7,361.6770994,39,35,48,81,9,480,31,0
Central Catholic Portland OR,0,0,0,0,361.3739,-1,0,0,0,0,0,-1,0
Juneau-Douglas AK,0,0,1,0,360.8478751,-1,570,570,570,570,570,-1,0
Kennedy Fremont CA,0,0,0,0,360.7621,-1,0,0,0,0,0,-1,0
Pinnacle AZ,0,0,0,1,360.6460339,-1,419,419,419,419,419,-1,0
Rolling Hills Prep CA,0,0,0,0,360.4227642,-1,74,73,74,73,74,-1,0
Oregon City OR,0,0,0,1,360.1617676,-1,9,9,9,9,9,-1,0
Midlothian TX,0,0,0,0,359.8438,-1,0,0,0,0,0,-1,0
Hebron TX,0,0,0,1,359.6022367,-1,517,517,517,517,517,-1,0
Logan UT,0,0,0,0,359.4788,-1,0,0,0,0,0,-1,0
Harpeth Hall TN,0,0,0,0,359.1301565,-1,5,5,5,5,5,-1,0
Frederick,0,0,19,7,358.8762492,40,328,45,78,64,4,7,0
Pinole Valley CA,0,0,0,0,358.4065,-1,0,0,0,0,0,-1,0
Rangeview,0,0,12,13,358.2454039,41,2,491,466,498,638,32,0
Cornerstone Christian San Antonio TX,0,0,0,0,358.2422,-1,0,0,0,0,0,-1,0
Faith Lutheran NV,0,0,1,0,358.2229278,-1,18,18,18,18,18,-1,0
Lutheran,0,0,13,12,358.0637778,42,5,57,44,78,45,8,0
Holy Family,0,0,16,8,358.0374987,43,1147,723,639,132,328,2,0
Erie,0,0,15,9,357.8214028,44,38,31,69,65,29,33,0
Hun NJ,0,0,0,0,357.6215295,-1,19,19,19,19,19,-1,0
Natrona County WY,0,0,0,1,357.5100268,-1,38,38,38,38,38,-1,0
Colonial Orlando FL,0,0,0,1,357.2262174,-1,114,114,114,114,114,-1,0
Denver Christian,0,0,24,1,356.9025973,45,313,142,1158,205,535,1,0
Ida B Wells OR,0,0,2,0,356.779734,-1,74,31,74,31,74,-1,0
Cibola Yuma AZ,0,0,0,0,356.7406189,-1,9,19,9,19,9,-1,0
Archbishop Wood PA,0,0,0,1,356.5191252,-1,721,721,721,721,721,-1,0
Sedgwick County,0,0,19,4,356.2084372,46,265,167,266,210,167,2,0
Whitney CA,0,0,0,0,356.0567427,-1,19,40,19,40,19,-1,0
CS Christian,0,0,22,3,355.4075158,47,107,489,103,313,103,2,0
Desert Hills UT,0,0,1,0,355.3114713,-1,23,23,23,23,23,-1,0
Horizon,0,0,14,11,354.8538288,48,481,40,170,64,38,34,0
Mountainside OR,0,0,0,0,354.7054477,-1,466,466,466,466,466,-1,0
Hamilton AZ,0,0,0,1,354.691547,-1,647,647,647,647,647,-1,0
Shadow Ridge NV,0,0,0,0,354.4420822,-1,21,21,21,21,21,-1,0
McClave,0,0,23,2,354.3908567,49,263,273,193,210,165,1,0
Wasatch UT,0,0,0,0,354.3777,-1,0,0,0,0,0,-1,0
Shalhevet Los Angeles CA,0,0,0,0,354.3765357,-1,23,23,23,23,23,-1,0
St Marys Hall San Antonio TX,0,0,0,0,354.3318742,-1,73,73,73,73,73,-1,0
Palmer Ridge,0,0,18,7,354.3221116,50,59,96,99,91,441,9,0
Laramie WY,0,0,0,0,353.7225274,-1,32,498,32,498,32,-1,0
Mountain View WY,0,0,0,0,353.404,-1,0,0,0,0,0,-1,0
Alta UT,0,0,2,0,353.199605,-1,23,570,23,570,23,-1,0
Timnath,0,0,22,3,353.1839505,51,106,83,106,1042,131,3,0
Alemany Mission Hills CA,0,0,0,0,353.1360246,-1,41,58,41,58,41,-1,0
Durango,0,0,19,7,352.6186443,52,44,87,62,85,86,10,0
Legacy,0,0,13,11,352.4852624,53,466,1,137,70,642,35,0
Skyview,0,0,20,5,352.4268565,54,116,129,13,68,36,4,0
Leyton NE,0,0,1,1,352.3057113,-1,409,281,409,281,409,-1,0
Delta,0,0,19,6,352.297258,55,72,110,723,156,122,5,0
Bridgeport NE,0,0,0,0,351.988,-1,0,0,0,0,0,-1,0
Rialto CA,0,0,0,1,351.9092405,-1,16,16,16,16,16,-1,0
Fort Collins,0,0,7,16,351.8548272,56,34,63,114,16,32,36,0
Cheyenne East WY,0,0,0,0,351.8474742,-1,638,79,636,638,79,-1,0
Christian Brothers Sacrament CA,0,0,0,1,351.7145269,-1,16,16,16,16,16,-1,0
Desert Pines NV,0,0,0,0,351.547769,-1,41,41,41,41,41,-1,0
Boswell TX,0,0,0,0,351.3565,-1,0,0,0,0,0,-1,0
Vernal UT,0,0,0,0,351.3021,-1,0,0,0,0,0,-1,0
Resurrection Christian,0,0,23,2,351.2876847,57,146,1158,132,108,107,3,0
Canyon Country CA,0,0,0,0,351.0964913,-1,41,41,41,41,41,-1,0
Pueblo West,0,0,12,12,350.9165197,58,18,48,46,101,480,37,0
Simla,0,0,19,5,350.7775188,59,256,729,164,191,145,3,0
West Jordan UT,0,0,0,0,350.7584,-1,0,0,0,0,0,-1,0
Miyamura NM,0,0,0,0,350.4021,-1,0,0,0,0,0,-1,0
Centauri,0,0,22,3,350.3140066,60,166,418,98,126,128,4,0
Chico CA,0,0,0,0,349.50581,-1,3,3,3,3,3,-1,0
Spring Valley NV,0,0,0,0,349.4524,-1,0,0,0,0,0,-1,0
St Theresas Academy MO,0,0,0,1,349.2653278,-1,480,480,480,480,480,-1,0
Golden Plains KS,0,0,0,0,349.1281,-1,0,0,0,0,0,-1,0
Classen Sas OK,0,0,0,0,349.0002,-1,0,0,0,0,0,-1,0
Liberty Magnet LA,0,0,0,0,348.8789,-1,0,0,0,0,0,-1,0
Cedaredge,0,0,25,0,348.8136373,61,148,126,168,597,181,5,0
Gillette WY,0,0,0,0,348.6682,-1,0,0,0,0,0,-1,0
Guymon OK,0,0,0,0,348.3247,-1,0,0,0,0,0,-1,0
Mountain View UT,0,0,0,0,348.2249,-1,0,0,0,0,0,-1,0
Thompson Valley,0,0,17,8,348.0622231,62,328,120,131,1018,106,11,0
D'Evelyn,0,0,22,3,346.7896312,63,649,119,89,42,43,6,0
Gallup NM,0,0,0,0,346.698,-1,0,0,0,0,0,-1,0
Bishop Manogue NV,0,0,0,0,346.5168,-1,0,0,0,0,0,-1,0
Newcastle WY,0,0,0,0,346.4334037,-1,37,37,37,37,37,-1,0
Page AZ,0,0,0,0,346.1224,-1,0,0,0,0,0,-1,0
Burlington,0,0,20,5,346.1161294,64,152,192,256,409,265,4,0
Shiprock NM,0,0,1,0,345.8021378,-1,83,83,83,83,83,-1,0
West Linn OR,0,0,0,1,345.7320704,-1,16,16,16,16,16,-1,0
Shelley ID,0,0,0,1,345.6609286,-1,517,517,517,517,517,-1,0
Pueblo East,0,0,19,5,345.4481215,65,91,78,77,75,80,12,0
Sanford,0,0,23,2,345.3751555,66,171,145,199,125,105,5,0
Mesa Vista NM,0,0,2,1,345.3152345,-1,198,303,183,198,303,-1,0
Las Vegas NV,0,0,0,0,345.0381,-1,0,0,0,0,0,-1,0
Scott KS,0,0,1,0,344.8457238,-1,8,8,8,8,8,-1,0
Montrose,0,0,20,5,344.7141315,67,84,448,85,84,86,13,0
Northridge,0,0,16,9,344.6272748,68,44,74,106,318,374,14,0
Ogden UT,0,0,0,0,344.418,-1,0,0,0,0,0,-1,0
Uintah UT,0,0,0,0,344.3005534,-1,85,119,85,119,85,-1,0
Union UT,0,0,0,0,344.146386,-1,85,85,85,85,85,-1,0
Golden,0,0,20,4,343.9152162,69,23,43,56,61,88,15,0
Hoehne,0,0,22,3,343.8600175,70,195,105,152,190,254,6,0
Falcon,0,0,17,8,343.8342849,71,114,79,441,690,47,16,0
Greeley County KS,0,0,3,1,343.6144107,-1,165,152,246,268,165,-1,0
Castle View,0,0,7,16,343.5307622,72,716,50,478,17,517,38,0
George Washington,0,0,15,9,343.4094104,73,131,58,21,24,466,17,0
American Fork UT,0,0,0,0,342.8709,-1,0,0,0,0,0,-1,0
Eaton,0,0,16,9,342.7739825,74,205,102,144,636,177,7,0
Portales NM,0,0,0,0,342.6228,-1,0,0,0,0,0,-1,0
Boulder,0,0,14,10,342.4481838,75,6,593,469,73,559,39,0
Bingham UT,0,0,0,0,342.4055,-1,0,0,0,0,0,-1,0
Eads,0,0,21,3,342.3897677,76,264,520,250,248,288,2,0
Kent Denver,0,0,15,10,342.2591928,77,98,639,205,1158,649,8,0
Standley Lake,0,0,20,4,342.1504291,78,45,58,88,52,55,18,0
Lone Star TX,0,0,0,0,342.0724,-1,0,0,0,0,0,-1,0
Lander Valley WY,0,0,0,0,341.8049,-1,0,0,0,0,0,-1,0
Star Valley WY,0,0,0,0,341.7219,-1,0,0,0,0,0,-1,0
Kelly Walsh WY,0,0,0,1,341.1662122,-1,38,38,38,38,38,-1,0
Highland,0,0,17,8,341.1095464,79,177,149,108,132,176,6,0
Santa Monica CA,0,0,0,0,340.8484,-1,0,0,0,0,0,-1,0
Monument Valley UT,0,0,0,0,340.4432519,-1,83,83,83,83,83,-1,0
Idalia,0,0,21,4,340.4365397,80,281,284,280,279,282,3,0
Rangely,0,0,24,1,340.2694281,81,169,231,311,269,178,7,0
Carbon UT,0,0,0,0,340.2579,-1,0,0,0,0,0,-1,0
Stratton,0,0,20,5,340.140099,82,624,297,292,247,274,4,0
Brighton UT,0,0,0,0,339.9716,-1,0,0,0,0,0,-1,0
Chandler AZ,0,0,0,0,339.8455865,-1,16,16,16,16,16,-1,0
Salida,0,0,21,4,339.8439768,83,597,55,313,103,149,7,0
Peak To Peak,0,0,18,7,339.6264829,84,88,22,89,639,594,9,0
Pagosa Springs,0,0,18,7,339.5092001,85,103,111,123,98,124,10,0
Norton KS,0,0,0,1,339.1391297,-1,210,210,210,210,210,-1,0
Denver South,0,0,11,13,339.1272197,86,478,23,26,18,1222,40,0
Campbell Hall CA,0,0,0,0,339.041469,-1,466,466,466,466,466,-1,0
Wiggins,0,0,17,8,338.7898052,87,144,159,148,107,108,8,0
Lewis-Palmer,0,0,14,11,338.5116631,88,130,43,46,448,140,19,0
Akron,0,0,15,10,338.0916235,89,162,272,265,145,256,8,0
Berthoud,0,0,14,11,338.0296429,90,1018,113,1018,591,1042,11,0
Rock Point AZ,0,0,0,0,337.8495,-1,0,0,0,0,0,-1,0
Piedra Vista NM,0,0,0,1,337.4051272,-1,84,84,84,84,84,-1,0
Mccook NE,0,0,1,0,337.2384476,-1,147,147,147,147,147,-1,0
Strasburg,0,0,19,6,337.193843,91,163,160,107,148,144,9,0
Garden County KS,0,0,0,1,336.825984,-1,409,409,409,409,409,-1,0
Mountain Crest UT,0,0,0,0,336.5593,-1,0,0,0,0,0,-1,0
Yuma,0,0,12,13,336.2972009,92,157,127,177,176,132,10,0
Huntington Beach CA,0,0,0,0,336.0247968,-1,58,58,58,58,58,-1,0
Canon City,0,0,18,6,335.7092265,93,591,10,639,11,11,20,0
Marina Huntington CA,0,0,0,1,335.535381,-1,3,3,3,3,3,-1,0
Skyline Mesa AZ,0,0,1,1,335.3285049,-1,31,74,31,74,31,-1,0
Rock Springs WY,0,0,0,0,335.0854,-1,0,0,0,0,0,-1,0
Roaring Fork,0,0,22,3,334.9485679,94,176,173,118,178,157,11,0
Cheylin KS,0,0,1,0,334.7869873,-1,287,287,287,287,287,-1,0
Red Mountain AZ,0,0,0,1,334.4312277,-1,18,18,18,18,18,-1,0
Alamosa,0,0,18,7,334.322892,95,138,133,124,128,126,12,0
Sharon Springs KS,0,0,0,0,334.2665,-1,0,0,0,0,0,-1,0
Garden City KS,0,0,3,1,334.1873427,-1,8,690,46,8,8,-1,0
Cheyenne Central WY,0,0,0,0,334.1337859,-1,63,690,63,690,63,-1,0
Colorado Academy,0,0,13,12,333.7943886,96,108,112,344,138,135,13,0
Dumas TX,0,0,2,1,333.4746943,-1,37,154,132,37,154,-1,0
Douglas WY,0,0,0,0,333.3851,-1,0,0,0,0,0,-1,0
Coronado NV,0,0,0,0,333.2176313,-1,21,21,21,21,21,-1,0
Sargent,0,0,19,5,333.190217,97,215,189,198,195,301,9,0
Evergreen,0,0,11,13,333.0077538,98,140,55,52,42,56,21,0
St Marys,0,0,16,9,332.2961099,99,135,697,104,1152,599,12,0
Arbor View NV,0,0,1,0,332.0286072,-1,672,672,672,672,672,-1,0
Fountain-Fort Carson,0,0,7,15,331.8071265,100,46,9,491,48,480,41,0
Astoria OR,0,0,0,0,331.7586795,-1,19,9,19,9,19,-1,0
Syracuse KS,0,0,3,1,331.5175068,-1,248,268,152,165,248,-1,0
Rodriguez Fairfield CA,0,0,0,0,331.4619,-1,0,0,0,0,0,-1,0
Greeley Central,0,0,13,12,331.4604487,101,84,115,318,374,591,22,0
Canyon View UT,0,0,0,0,331.181,-1,0,0,0,0,0,-1,0
Chase County NE,0,0,2,0,330.7802759,-1,145,147,145,147,145,-1,0
Pine Bluffs WY,0,0,1,1,330.7421229,-1,1018,535,1018,535,1018,-1,0
Grants NM,0,0,1,1,330.7397283,-1,84,83,84,83,84,-1,0
Dulce NM,0,0,0,0,330.7194,-1,0,0,0,0,0,-1,0
Palisade,0,0,14,10,330.3614654,102,67,1148,723,85,86,23,0
Lamar,0,0,19,6,330.2071808,103,128,460,1152,104,1152,14,0
Severance,0,0,8,17,330.0991604,104,114,1148,62,591,1042,24,0
Las Alamos NM,0,0,0,0,329.8148,-1,0,0,0,0,0,-1,0
Fleming,0,0,19,6,329.4122578,105,165,301,276,287,274,5,0
Olympia WA,0,0,0,0,329.2336,-1,0,0,0,0,0,-1,0
Discovery Canyon,0,0,12,12,328.5737119,106,87,45,99,140,441,25,0
Madison Academy TN,0,0,2,0,328.4450698,-1,1164,1164,1164,1164,1164,-1,0
Stanton County KS,0,0,4,2,328.2499987,-1,292,520,250,165,268,-1,0
Classical Academy,0,0,11,13,328.0175692,107,138,137,649,74,81,15,0
Liberty Bakersfield CA,0,0,0,0,327.5891658,-1,3,3,3,3,3,-1,0
Walsh WY,0,0,0,0,327.4739,-1,0,0,0,0,0,-1,0
Fairview,0,0,12,12,327.4039683,108,3,70,130,33,479,42,0
Heritage Christian,0,0,21,4,327.2707683,109,199,190,171,624,257,10,0
Liberty,0,0,9,14,327.0506138,110,45,101,491,9,681,43,0
Altus OK,0,0,1,0,326.6625065,-1,8,8,8,8,8,-1,0
Beloit KS,0,0,0,0,326.4146,-1,0,0,0,0,0,-1,0
Jefferson Academy,0,0,18,6,326.2455246,111,1147,142,94,89,649,16,0
Montgomery SD CA,0,0,0,1,326.238757,-1,21,21,21,21,21,-1,0
Palo Verde NV,0,0,0,1,326.1139716,-1,21,21,21,21,21,-1,0
Brush,0,0,15,10,325.7157206,112,1152,168,176,177,636,13,0
Cornerstone Christian CA,0,0,1,1,325.3707767,-1,6,672,6,672,6,-1,0
Evangelical Christian,0,0,19,5,325.2535713,113,292,269,162,263,167,6,0
Lone Peak MT,0,0,0,0,325.1986,-1,0,0,0,0,0,-1,0
Thomas Maclaren,0,0,21,4,325.0802589,114,104,547,157,599,189,14,0
Little Snake River WY,0,0,2,1,325.0569755,-1,224,162,160,224,162,-1,0
Doherty Jv,0,0,0,0,324.7184,-1,0,0,0,0,0,-1,0
Loveland,0,0,7,16,324.707359,115,114,1018,63,35,30,44,0
Bear Creek,0,0,7,16,324.697353,116,60,721,40,38,41,45,0
Mullen JV,0,0,0,0,324.6128,-1,0,0,0,0,0,-1,0
Byers,0,0,15,10,324.5482407,117,254,179,210,266,169,11,0
Westview AZ,0,0,0,0,324.5292,-1,0,0,0,0,0,-1,0
Briggsdale,0,0,18,6,324.1937295,118,294,274,287,276,267,7,0
Platte Valley,0,0,16,9,324.1476627,119,636,118,112,418,133,15,0
Douglas County,0,0,4,18,324.0779119,120,15,447,570,17,7,46,0
Saguaro AZ,0,0,0,0,323.9679578,-1,447,447,447,447,447,-1,0
Sanford DE,0,0,0,1,323.9039723,-1,2,2,2,2,2,-1,0
Wallace County KS,0,0,0,0,323.8057,-1,0,0,0,0,0,-1,0
Ogallala NE,0,0,0,0,323.5163,-1,0,0,0,0,0,-1,0
Longmont,0,0,7,17,323.5150987,121,86,130,31,642,170,26,0
Belen NM,0,0,1,0,323.4425614,-1,126,126,126,126,126,-1,0
Layton Christian Academy UT,0,0,1,1,323.2324411,-1,672,6,672,6,672,-1,0
Aztec NM,0,0,1,2,323.1823703,-1,123,84,84,123,84,-1,0
Somerset Academy Losee NV,0,0,0,0,322.809083,-1,21,21,21,21,21,-1,0
Foothill NV,0,0,0,0,322.51276,-1,570,570,570,570,570,-1,0
Notre Dame Prep AZ,0,0,0,1,322.4877434,-1,12,12,12,12,12,-1,0
Lakewood,0,0,6,17,322.4276576,122,39,41,721,40,38,47,0
Paxton NE,0,0,0,0,322.3886,-1,0,0,0,0,0,-1,0
Sterling,0,0,12,12,322.2698866,123,205,146,113,111,111,17,0
Caliche,0,0,18,7,322.1121952,124,279,288,267,274,287,8,0
St Marys Academy,0,0,14,10,322.0210021,125,132,24,129,92,344,18,0
Campo Verde AZ,0,0,0,0,321.8013,-1,0,0,0,0,0,-1,0
Heritage,0,0,7,16,321.7684989,126,50,517,52,17,447,48,0
Cheyenne Wells,0,0,15,9,321.5286469,127,280,200,273,248,1212,9,0
Rawlins WY,0,0,0,0,321.429,-1,0,0,0,0,0,-1,0
Encampment WY,0,0,1,0,321.4265507,-1,224,224,224,224,224,-1,0
Kearns UT,0,0,0,0,321.4176,-1,0,0,0,0,0,-1,0
Centaurus,0,0,9,14,321.0391259,128,479,66,170,328,31,49,0
West Torrance CA,0,0,0,0,320.6709,-1,0,0,0,0,0,-1,0
Orem UT,0,0,0,0,320.3944,-1,0,0,0,0,0,-1,0
Denver North,0,0,13,9,320.1896424,129,336,1147,460,28,28,50,0
St Marys AZ,0,0,0,0,319.9364,-1,0,0,0,0,0,-1,0
Monte Vista,0,0,11,12,319.8413293,130,148,126,83,124,123,16,0
Prairie,0,0,14,11,319.8403562,131,267,274,267,276,284,10,0
Eagle Valley,0,0,13,12,319.824988,132,131,665,115,117,96,27,0
Thoreau NM,0,0,0,0,319.7429,-1,0,0,0,0,0,-1,0
Summit,0,0,13,11,319.4310509,133,690,117,115,158,119,28,0
Vanguard,0,0,11,11,319.316315,134,597,166,93,97,93,17,0
Hi-Plains,0,0,17,8,319.2680561,135,303,305,279,280,285,11,0
Casteel AZ,0,0,0,0,319.0847052,-1,58,73,58,73,58,-1,0
Nebraska Lutheran,0,0,1,0,318.9215217,-1,703,703,703,703,703,-1,0
Glenwood Springs,0,0,13,12,318.829176,136,5,99,96,158,115,29,0
Valley,0,0,14,10,318.4452814,137,106,147,112,111,108,19,0
Gering NE,0,0,0,0,318.3695,-1,0,0,0,0,0,-1,0
Riverton WY,0,0,0,0,318.3658,-1,0,0,0,0,0,-1,0
Medgar Evers NY,0,0,0,0,318.0805604,-1,19,19,19,19,19,-1,0
Ellicott,0,0,17,8,317.1278554,138,124,26,547,149,708,18,0
Duchesne UT,0,0,0,0,317.0579,-1,0,0,0,0,0,-1,0
Mitchell JV,0,0,0,0,316.8109,-1,0,0,0,0,0,-1,0
Wingate NM,0,0,2,1,316.5363719,-1,126,83,84,126,83,-1,0
Haxtun,0,0,10,15,315.9311121,139,409,125,169,167,210,12,0
Grand Junction,0,0,9,16,315.8597073,140,44,64,84,87,1148,30,0
Hem WY,0,0,0,0,315.7165,-1,0,0,0,0,0,-1,0
Torrance CA,0,0,0,1,315.6474421,-1,3,3,3,3,3,-1,0
La Salle OR,0,0,0,1,315.3548604,-1,23,23,23,23,23,-1,0
Bennett,0,0,14,10,315.2121722,141,72,357,54,110,144,20,0
San Juan NM,0,0,0,0,314.9171,-1,0,0,0,0,0,-1,0
Springer NM,0,0,0,0,314.69858,-1,261,191,261,191,261,-1,0
Gunnison,0,0,15,9,314.6651557,142,146,163,240,161,217,19,0
Genoa-Hugo,0,0,13,12,314.6209892,143,246,188,286,273,267,12,0
Kennedy,0,0,16,8,314.4511875,144,357,26,23,19,22,21,0
Clayton NM,0,0,0,0,314.4408461,-1,105,105,105,105,105,-1,0
Arapahoe Jv,0,0,0,0,314.4151,-1,0,0,0,0,0,-1,0
Ulysses KS,0,0,1,1,314.2452144,-1,147,210,147,210,147,-1,0
Weskan KS,0,0,1,0,313.8361949,-1,285,285,285,285,285,-1,0
Jordan UT,0,0,1,0,313.4906942,-1,672,672,672,672,672,-1,0
Widefield,0,0,14,10,313.2736468,145,78,75,441,74,74,31,0
Capital Sante Fe NM,0,0,0,0,313.2526,-1,0,0,0,0,0,-1,0
Burns WY,0,0,0,0,312.9079437,-1,37,37,37,37,37,-1,0
Manila UT,0,0,0,0,312.7800972,-1,162,162,162,162,162,-1,0
Pueblo County,0,0,10,15,312.7090728,146,130,11,79,80,140,32,0
Moriarty NM,0,0,0,0,312.6885,-1,0,0,0,0,0,-1,0
Mcclintock AZ,0,0,0,0,312.1593,-1,0,0,0,0,0,-1,0
Fresno CA,0,0,0,0,312.0518691,-1,3,3,3,3,3,-1,0
American Heritage UT,0,0,0,1,312.0391211,-1,162,162,162,162,162,-1,0
Perkins County NE,0,0,1,2,311.889799,-1,409,145,265,409,145,-1,0
Otis,0,0,10,12,311.8844717,147,282,294,282,279,264,13,0
Silver Creek,0,0,5,18,311.7100653,148,42,66,479,64,593,33,0
Mountain Range,0,0,11,11,311.5507366,149,73,559,469,1,69,51,0
Del Norte,0,0,13,9,311.4900507,150,265,195,198,200,191,13,0
Viewmont UT,0,0,0,0,311.4501,-1,0,0,0,0,0,-1,0
Springfield,0,0,18,7,311.3341478,151,311,202,268,305,247,14,0
Gj Central Jv,0,0,1,0,311.1481848,-1,417,417,417,417,417,-1,0
Chanute KS,0,0,0,0,310.6095,-1,0,0,0,0,0,-1,0
Marblehead MA,0,0,0,0,310.5187,-1,0,0,0,0,0,-1,0
St Michaels NM,0,0,0,2,310.3691937,-1,50,5,50,5,50,-1,0
Bloomfield NM,0,0,1,0,310.3347046,-1,83,83,83,83,83,-1,0
Westminster,0,0,13,10,310.1885669,152,309,1,69,33,559,52,0
Window Rock NM,0,0,0,0,310.1845,-1,0,0,0,0,0,-1,0
Center,0,0,17,7,310.1671532,153,191,257,125,199,272,14,0
Niwot,0,0,10,14,310.0504811,154,13,170,130,479,642,34,0
Scottsbluff NE,0,0,1,0,309.7235512,-1,929,929,929,929,929,-1,0
Flagler,0,0,14,10,309.4594209,155,1212,247,269,311,319,15,0
Smoky Hill,0,0,5,18,309.2852995,156,6,12,481,6,481,53,0
Victory Baptist Loganville GA,0,0,1,0,309.1858958,-1,226,226,226,226,226,-1,0
Sierra,0,0,15,10,308.884239,157,59,56,681,76,89,35,0
Karval,0,0,0,0,308.8105339,-1,264,264,264,264,264,-1,0
Lakin KS,0,0,0,0,308.7469,-1,0,0,0,0,0,-1,0
Calhan,0,0,15,10,308.6816433,158,266,181,159,254,289,15,0
Des Moines NM,0,0,2,1,308.4896241,-1,261,191,261,261,191,-1,0
Goodland KS,0,0,0,1,308.2607781,-1,210,210,210,210,210,-1,0
Denver Science-Cedar,0,0,16,8,308.230193,159,137,594,20,665,672,22,0
Elizabeth Jv,0,0,0,0,308.2285,-1,0,0,0,0,0,-1,0
Espanola NM,0,0,0,0,308.1962,-1,0,0,0,0,0,-1,0
Wray,0,0,5,17,307.9690501,160,113,670,489,169,177,20,0
Plateau Valley,0,0,16,7,307.9304631,161,164,224,157,188,240,16,0
Moorcroft WY,0,0,0,0,307.2252,-1,0,0,0,0,0,-1,0
Littleton,0,0,7,16,307.1076226,162,56,15,57,43,42,36,0
Debeque,0,0,17,7,307.0201539,163,287,319,160,482,181,16,0
Canyon Springs NV,0,0,0,0,306.8551,-1,0,0,0,0,0,-1,0
Gilpin County,0,0,19,6,306.712876,164,198,185,215,257,624,17,0
Saratogo WY,0,0,0,0,306.6734,-1,0,0,0,0,0,-1,0
Skyview Vancouver WA,0,0,0,2,306.6307892,-1,570,23,570,23,570,-1,0
Moscow KS,0,0,1,0,306.6174231,-1,250,250,250,250,250,-1,0
Thomas Jefferson,0,0,9,14,306.6151903,165,22,25,20,20,13,37,0
Queen Creek AZ,0,0,0,0,306.6018,-1,0,0,0,0,0,-1,0
Flatirons,0,0,19,6,306.5299563,166,268,286,257,215,171,17,0
Southeast WY,0,0,0,0,306.5168,-1,0,0,0,0,0,-1,0
GJ Central,0,0,6,17,306.3197467,167,318,120,86,85,84,38,0
Villa Park CA,0,0,0,1,306.2687804,-1,2,2,2,2,2,-1,0
Moffat County,0,0,14,10,306.146339,168,88,240,723,121,116,23,0
Aurora Central,0,0,14,9,305.8823105,169,328,65,72,14,28,39,0
Ignacio,0,0,8,15,305.6214847,170,157,124,127,98,83,21,0
Evanston WY,0,0,0,0,305.405,-1,0,0,0,0,0,-1,0
Green Mountain Jv,0,0,0,0,305.2063,-1,0,0,0,0,0,-1,0
Taos NM,0,0,0,0,304.7343,-1,0,0,0,0,0,-1,0
Los Lunas NM,0,0,0,0,304.49,-1,0,0,0,0,0,-1,0
Andrews Academy Berrien MI,0,0,2,0,304.2404051,-1,202,1164,202,1164,202,-1,0
Mesa Ridge,0,0,9,14,304.1780345,171,91,11,690,8,77,40,0
Nucla,0,0,19,5,304.1644696,172,264,217,230,181,184,18,0
Weld Central,0,0,6,18,304.1486064,173,98,111,418,146,132,24,0
Holyoke,0,0,4,20,304.1377835,174,198,167,169,266,254,18,0
Manual,0,0,16,6,304.0748596,175,166,24,21,498,1151,22,0
Dakota Ridge,0,0,10,14,303.9470144,176,81,61,52,58,57,41,0
Ponderosa,0,0,3,20,303.9075208,177,647,478,15,50,570,42,0
Chappell NE,0,0,0,0,303.8127,-1,0,0,0,0,0,-1,0
St Marys JV,0,0,0,0,303.5318,-1,0,0,0,0,0,-1,0
Cheyenne Mountain,0,0,9,15,303.4444402,178,117,445,690,448,44,43,0
Cedaredge Jv,0,0,0,0,303.229,-1,0,0,0,0,0,-1,0
Heritage Jv,0,0,0,0,303.1591,-1,0,0,0,0,0,-1,0
Cuba NM,0,0,0,0,303.1299,-1,0,0,0,0,0,-1,0
Kit Carson,0,0,11,13,302.934609,179,294,312,520,248,285,19,0
Granada,0,0,13,10,302.9275556,180,263,261,268,292,286,20,0
Regis Groff,0,0,12,12,302.5898015,181,158,460,1147,22,51,44,0
Crownpoint NM,0,0,0,0,302.3746,-1,0,0,0,0,0,-1,0
Legacy NV,0,0,0,0,302.2425,-1,0,0,0,0,0,-1,0
West Grand,0,0,20,4,302.2115315,182,152,139,224,179,162,19,0
Fort Morgan,0,0,8,16,302.0990189,183,128,133,112,113,112,25,0
Las Animas,0,0,13,12,302.0795581,184,210,183,191,192,191,20,0
Snake River WY,0,0,0,0,302.0572,-1,0,0,0,0,0,-1,0
Buena Vista,0,0,10,14,301.8606367,185,144,93,166,104,124,23,0
Peyton,0,0,11,12,301.7197891,186,107,157,159,223,190,24,0
Loveland Protestant,0,0,7,0,301.6824626,187,1209,284,1209,226,109,1,0
Franklin Road Christian TN,0,0,0,0,301.5944,-1,0,0,0,0,0,-1,0
Pine Hill NM,0,0,0,0,301.5649,-1,0,0,0,0,0,-1,0
Rampart,0,0,4,19,301.2068879,188,681,491,480,77,101,45,0
Escalante NM,0,0,0,1,301.2059605,-1,198,198,198,198,198,-1,0
Forge Christian,0,0,8,16,301.1496518,189,636,135,138,594,176,25,0
Coal Ridge,0,0,10,14,300.9673563,190,137,116,119,120,240,26,0
Cheraw,0,0,14,9,300.3664634,191,624,250,264,520,312,21,0
Northglenn,0,0,9,13,300.2535507,192,559,69,4,469,73,46,0
El Toro Lake Forest CA,0,0,0,1,300.0079488,-1,3,3,3,3,3,-1,0
Tucumcari NM,0,0,0,0,299.91164,-1,0,0,0,0,0,-1,0
Boise City OK,0,0,1,1,299.9060401,-1,250,1212,250,1212,250,-1,0
Cheyenne South WY,0,0,0,1,299.8943339,-1,1018,1018,1018,1018,1018,-1,0
Bear River Grass Valley CA,0,0,0,2,299.8320933,-1,74,31,74,31,74,-1,0
Arickaree,0,0,8,16,299.759456,193,279,282,294,280,268,22,0
Timpanogos UT,0,0,0,0,299.63191,-1,0,0,0,0,0,-1,0
Mt Eden Hayward CA,0,0,0,0,299.2685634,-1,23,466,23,466,23,-1,0
Falcon Jv,0,0,0,0,299.18144,-1,0,0,0,0,0,-1,0
Liberty(Joes),0,0,0,0,299.02992,-1,0,0,0,0,0,-1,0
Meeker,0,0,11,13,298.9319101,194,176,303,159,161,157,26,0
Mountain Valley,0,0,0,0,298.84436,-1,0,0,0,0,0,-1,0
Ralston Valley Jv,0,0,0,0,298.66688,-1,0,0,0,0,0,-1,0
Dove Creek,0,0,17,6,298.4803076,195,171,231,186,184,83,21,0
Crowley County,0,0,12,12,298.3022291,196,199,153,1265,154,190,22,0
Denver Science-Montview,0,0,15,8,298.252728,197,103,665,20,25,1150,27,0
Lone Star,0,0,12,11,298.2094976,198,303,284,285,281,263,23,0
St Francis KS,0,0,0,2,298.1742125,-1,276,145,276,145,276,-1,0
Palmer,0,0,7,16,298.1424855,199,74,75,8,441,11,47,0
Portola Irvine CA,0,0,0,0,298.11896,-1,0,0,0,0,0,-1,0
North Fork,0,0,11,12,298.0564921,200,177,164,168,160,178,27,0
Greeley West,0,0,5,18,297.9862784,201,51,30,32,336,35,48,0
Cortez,0,0,7,17,297.9832743,202,1018,123,127,126,128,28,0
Chadron NE,0,0,1,0,297.7328415,-1,929,929,929,929,929,-1,0
Addenbrooke Classical,0,0,20,4,297.5643497,203,313,401,377,677,533,28,0
Windsor Charter,0,0,11,13,297.4913854,204,1152,418,670,147,148,29,0
Corona Del Sol AZ,0,0,0,0,297.2210359,-1,73,74,73,74,73,-1,0
Dayspring Christian,0,0,10,14,297.0300054,205,195,624,171,215,367,23,0
Muir Pasadena CA,0,0,0,0,296.8284287,-1,74,74,74,74,74,-1,0
Kim,0,0,12,9,296.7370021,206,287,292,250,248,520,24,0
Sierra Grande,0,0,14,10,296.6287674,207,165,301,105,125,261,25,0
Cimarron-Memorial NV,0,0,0,0,296.5480217,-1,23,23,23,23,23,-1,0
Trabuco Hills Mission Viejo CA,0,0,0,1,296.4655378,-1,3,3,3,3,3,-1,0
Eagle Ridge,0,0,8,16,296.1859275,208,132,205,337,357,313,29,0
Legend Jv,0,0,0,0,296.03671,-1,0,0,0,0,0,-1,0
Blanding UT,0,0,0,0,295.97092,-1,0,0,0,0,0,-1,0
Mitchell NE,0,0,1,0,295.8261913,-1,929,929,929,929,929,-1,0
Sierra JV,0,0,0,0,295.76012,-1,0,0,0,0,0,-1,0
South Platte NE,0,0,0,2,295.7071275,-1,280,409,280,409,280,-1,0
Middle Park,0,0,11,11,295.5188923,209,135,594,337,54,37,30,0
College View Academy Lincoln NE,0,0,1,0,295.4336961,-1,202,202,202,202,202,-1,0
Rye,0,0,9,13,295.3982645,210,100,708,189,547,599,31,0
Fowler,0,0,9,15,295.0069576,211,215,192,191,189,168,24,0
Battle Mountain,0,0,9,14,294.9779372,212,62,157,158,96,117,49,0
Lingle-Fort Laramie WY,0,0,0,0,294.42886,-1,0,0,0,0,0,-1,0
Manitou Springs,0,0,10,13,294.2353249,213,149,547,547,166,149,30,0
Grant NE,0,0,0,0,293.95885,-1,0,0,0,0,0,-1,0
Sidney Neb Jv,0,0,0,0,293.75432,-1,0,0,0,0,0,-1,0
Questa NM,0,0,1,0,293.6965733,-1,194,194,194,194,194,-1,0
Jim Elliot,0,0,0,0,293.41099,-1,0,0,0,0,0,-1,0
Goodwell OK,0,0,0,0,293.06,-1,0,0,0,0,0,-1,0
Swink,0,0,10,14,292.8601802,214,210,190,152,292,139,25,0
Conifer,0,0,14,10,292.8014657,215,104,57,1297,141,42,32,0
Harrison,0,0,8,14,292.1126741,216,11,8,79,10,168,50,0
Limon,0,0,4,20,292.1042063,217,409,145,265,409,311,26,0
Wellington,0,0,3,20,291.8413194,218,1018,106,318,374,418,31,0
CS Christian JV,0,0,0,0,291.47369,-1,0,0,0,0,0,-1,0
Torrington WY,0,0,0,0,291.46337,-1,0,0,0,0,0,-1,0
Montrose JV,0,0,0,1,291.4448258,-1,188,188,188,188,188,-1,0
Maxwell NM,0,0,0,0,290.92281,-1,0,0,0,0,0,-1,0
Mccurdy NM,0,0,0,0,290.80694,-1,0,0,0,0,0,-1,0
Liberty Common,0,0,8,16,290.6529651,219,124,489,146,133,146,33,0
Kimball NE,0,0,0,2,290.2166364,-1,282,265,282,265,282,-1,0
Durango JV,0,0,1,0,289.8517718,-1,123,123,123,123,123,-1,0
South Baca,0,0,11,12,289.8361259,220,246,288,286,297,193,26,0
Brighton,0,0,3,20,289.7357779,221,170,33,73,559,469,54,0
South Park,0,0,15,9,289.644215,222,169,105,301,195,438,27,0
Valley View Moreno Valley CA,0,0,0,1,289.1480093,-1,18,18,18,18,18,-1,0
Salem Academy OR,0,0,0,1,288.2465816,-1,21,21,21,21,21,-1,0
Fort Lupton,0,0,12,10,288.2205819,223,116,156,129,92,510,32,0
Mountain View,0,0,5,18,287.9579879,224,62,591,1042,131,67,51,0
Loma Linda Academy CA,0,0,0,0,287.6794263,-1,202,202,202,202,202,-1,0
Akron JV,0,0,0,0,287.44527,-1,0,0,0,0,0,-1,0
Denver West,0,0,13,11,287.1888719,225,649,28,672,665,24,33,0
Intermountain Christian UT,0,0,0,1,286.786851,-1,162,162,162,162,162,-1,0
Moffat County JV,0,0,0,0,286.72185,-1,0,0,0,0,0,-1,0
Sand Creek,0,0,7,16,285.9681645,226,99,89,639,91,81,52,0
Campion,0,0,14,5,285.0466202,227,202,1326,1327,1320,969,28,0
Grand Valley,0,0,7,15,284.8570654,228,182,163,240,162,159,34,0
Holly,0,0,6,16,284.3726122,229,246,288,165,286,305,27,0
Hayden,0,0,10,9,283.767176,230,256,182,183,417,303,29,0
Steamboat Springs,0,0,7,16,283.2016176,231,156,121,116,119,240,34,0
La Junta,0,0,11,13,283.173827,232,108,708,100,76,100,35,0
Weldon Valley,0,0,10,14,283.0787581,233,276,319,281,285,282,28,0
Westwood AZ,0,0,0,2,282.8223877,-1,74,31,74,31,74,-1,0
Imperial NE,0,0,0,0,282.27588,-1,0,0,0,0,0,-1,0
Lyons,0,0,16,7,282.0921195,234,163,367,645,141,134,35,0
Trinidad,0,0,10,12,282.0034144,235,191,272,200,198,271,30,0
Banning Lewis,0,0,6,17,281.8034357,236,102,154,166,1152,97,36,0
Wiley,0,0,6,15,281.6910777,237,297,1212,289,520,153,29,0
Venture Prep,0,0,0,0,281.66541,-1,0,0,0,0,0,-1,0
Prospect Ridge,0,0,5,17,281.3908281,238,720,510,135,594,138,36,0
Goodwell KS,0,0,0,0,281.21631,-1,0,0,0,0,0,-1,0
Garden County NE,0,0,0,0,281.1987,-1,0,0,0,0,0,-1,0
Elizabeth,0,0,7,16,280.8120468,239,649,88,594,81,445,37,0
La Veta,0,0,9,10,280.7608835,240,268,193,520,250,200,30,0
Jefferson,0,0,14,8,280.6438092,241,1309,672,357,110,54,37,0
Rifle,0,0,3,20,280.5789918,242,122,119,156,723,158,38,0
Denver Science-Byers,0,0,0,0,280.50589,-1,0,0,0,0,0,-1,0
Edison,0,0,0,0,280.14723,-1,0,0,0,0,0,-1,0
Gateway,0,0,11,12,279.8924177,243,68,13,25,68,72,53,0
Woodlin,0,0,0,0,279.80752,-1,0,0,0,0,0,-1,0
Mesa Ridge Jv,0,0,0,0,278.95416,-1,0,0,0,0,0,-1,0
Creede,0,0,13,11,278.908775,244,280,200,272,199,194,31,0
Miami-Yoder,0,0,11,11,278.6595916,245,929,193,164,264,597,32,0
Minnetonka Christian Academy MN,0,0,0,1,278.3731426,-1,1164,1164,1164,1164,1164,-1,0
Kansas Deaf/Blind,0,0,0,0,278.32837,-1,0,0,0,0,0,-1,0
Agate,0,0,0,0,277.99013,-1,0,0,0,0,0,-1,0
Kiowa,0,0,10,14,277.7522899,246,266,635,624,504,929,31,0
Elbert,0,0,9,15,277.3560521,247,1212,165,264,275,588,33,0
Cotopaxi,0,0,14,9,277.3377775,248,311,263,162,196,139,34,0
Saratoga WY,0,0,1,0,277.3249547,-1,224,224,224,224,224,-1,0
Montbello,0,0,8,14,276.8810845,249,1149,1150,23,665,51,54,0
Rifle Jv,0,0,0,0,276.82961,-1,0,0,0,0,0,-1,0
Mile High Academy,0,0,17,7,276.7703418,250,292,542,703,226,947,35,0
Simla Jv,0,0,0,0,276.71506,-1,0,0,0,0,0,-1,0
Moab UT,0,0,1,1,276.7075539,-1,231,303,231,303,231,-1,0
Swink Jv,0,0,0,0,276.61115,-1,0,0,0,0,0,-1,0
Loveland Classical,0,0,13,10,276.5073839,251,254,377,401,401,377,32,0
Maryvale AZ,0,0,0,1,276.2493688,-1,84,84,84,84,84,-1,0
Green River UT,0,0,0,0,276.18495,-1,0,0,0,0,0,-1,0
Cimarron NM,0,0,0,0,276.16055,-1,0,0,0,0,0,-1,0
Pueblo West JV,0,0,0,0,276.09326,-1,0,0,0,0,0,-1,0
Basalt,0,0,4,19,276.0230928,252,122,110,116,240,121,39,0
Glenwood Springs Jv,0,0,0,0,275.5137,-1,0,0,0,0,0,-1,0
Ascent Classical Northern,0,0,13,4,275.510414,253,645,1219,399,399,1219,2,0
Aspen,0,0,5,18,275.1946858,254,119,178,118,156,181,38,0
Coronado,0,0,2,20,275.0283547,255,75,441,91,10,11,55,0
Whitehorse UT,0,0,0,0,274.88305,-1,0,0,0,0,0,-1,0
Rocky Ford,0,0,6,17,274.5241238,256,189,408,192,193,190,33,0
Rock River WY,0,0,0,0,274.37998,-1,0,0,0,0,0,-1,0
Denver Science-Stapleton,0,0,0,0,274.2338,-1,0,0,0,0,0,-1,0
San Juan UT,0,0,0,1,274.0643933,-1,83,83,83,83,83,-1,0
Pueblo Central,0,0,5,16,273.9841654,257,76,79,48,78,441,56,0
Stargate,0,0,6,16,273.9680889,258,510,535,205,337,1158,40,0
Union Colony,0,0,9,12,273.6678622,259,141,173,367,1209,173,34,0
Denver Eagles,0,0,0,0,273.50615,-1,0,0,0,0,0,-1,0
Kemmerer WY,0,0,0,0,273.46588,-1,0,0,0,0,0,-1,0
Skyview Academy,0,0,10,13,273.1576222,260,173,141,645,257,134,39,0
Bruce Randolph,0,0,8,14,272.8749703,261,540,92,25,22,1147,40,0
The Academy,0,0,5,18,272.7548182,262,94,142,344,510,720,41,0
Prairie View,0,0,1,22,272.5669554,263,1,33,309,69,559,55,0
Deerfield KS,0,0,0,0,272.5616061,-1,247,250,247,250,247,-1,0
Florence,0,0,8,15,272.5252191,264,154,102,102,104,547,41,0
Loveland Christian,0,0,0,0,272.03379,-1,0,0,0,0,0,-1,0
Arrupe Jesuit,0,0,10,13,271.9709758,265,720,139,535,337,110,42,0
Washington Deaf/Blind,0,0,1,0,271.7256596,-1,251,251,251,251,251,-1,0
Machebeuf,0,0,8,15,271.2736081,266,645,367,173,109,94,35,0
Sargent Jv,0,0,0,0,271.25158,-1,0,0,0,0,0,-1,0
Big Horn WY,0,0,0,0,271.21843,-1,0,0,0,0,0,-1,0
Bayfield,0,0,5,17,271.0175366,267,128,83,217,127,126,43,0
Bethune,0,0,6,16,270.5700495,268,281,319,287,284,288,36,0
Thornton,0,0,5,16,270.4975851,269,72,13,14,68,72,57,0
Pueblo Centennial,0,0,8,15,270.382488,270,102,77,81,80,78,42,0
Clark NV,0,0,0,1,270.3118331,-1,570,570,570,570,570,-1,0
Pawnee,0,0,0,0,270.1706,-1,0,0,0,0,0,-1,0
Delta Jv,0,0,0,0,269.9235,-1,0,0,0,0,0,-1,0
Frontier Academy,0,0,3,19,269.9151577,271,489,147,176,489,177,44,0
Lewellen NE,0,0,0,0,269.8534,-1,0,0,0,0,0,-1,0
Soroco,0,0,8,14,269.2547529,272,178,179,224,224,181,36,0
Navajo Pine NM,0,0,0,0,269.11395,-1,0,0,0,0,0,-1,0
Elkhart KS,0,0,0,3,268.6857278,-1,246,165,152,246,165,-1,0
James Irwin,0,0,4,14,268.6058362,273,313,597,547,929,154,37,0
Twin Peaks,0,0,12,9,268.3967357,274,697,729,729,378,703,38,0
Altamont UT,0,0,1,2,268.3374543,-1,677,179,160,677,179,-1,0
Ridgway,0,0,12,9,268.3366296,275,162,185,217,230,186,39,0
Adams City,0,0,4,19,268.1898606,276,14,72,14,33,13,58,0
Swallows Charter,0,0,9,13,268.1213747,277,1265,153,190,191,196,40,0
Deer Trail,0,0,7,15,267.9444682,278,260,273,210,635,264,37,0
Skyline,0,0,1,22,267.8860143,279,642,29,137,4,328,59,0
Limon Jv,0,0,0,0,267.8411,-1,0,0,0,0,0,-1,0
First Baptist FL,0,0,0,0,267.77029,-1,0,0,0,0,0,-1,0
Alameda,0,0,13,7,267.6560731,280,37,378,142,129,47,43,0
Pomona,0,0,3,19,267.6229973,281,642,88,55,57,52,60,0
Highland JV,0,0,0,0,267.19003,-1,0,0,0,0,0,-1,0
Arvada,0,0,11,11,267.0245053,282,54,378,142,378,90,44,0
Felt OK,0,0,0,2,266.7219151,-1,305,520,305,520,305,-1,0
Legacy Academy NM,0,0,0,0,266.635008,-1,332,332,332,332,332,-1,0
Walsh,0,0,5,16,266.3301623,283,286,246,305,511,297,38,0
Brush Jv,0,0,0,0,266.26715,-1,0,0,0,0,0,-1,0
Mancos,0,0,7,13,265.9986666,284,184,185,231,83,230,41,0
Lincoln,0,0,13,10,265.995277,285,672,28,460,14,1147,45,0
Olathe,0,0,4,17,265.848592,286,160,118,230,159,163,45,0
Vilas,0,0,0,0,265.81272,-1,0,0,0,0,0,-1,0
Far Northeast,0,0,0,0,265.4946451,-1,665,28,51,68,19,-1,0
Creek Valley NE,0,0,0,2,265.4061385,-1,294,281,294,281,294,-1,0
Dundy County NE,0,0,0,0,265.0556813,-1,147,147,147,147,147,-1,0
Golden View Classical,0,0,12,9,264.4657949,287,540,729,697,729,542,42,0
Denver Waldorf,0,0,6,10,263.6357448,288,273,731,294,280,226,39,0
Denver Jewish Day,0,0,9,9,263.1546931,289,202,226,282,387,729,40,0
Aurora Science & Tech,0,0,0,2,263.1214292,290,1209,1209,1209,1209,1209,3,0
Denver Jewish Day JV,0,0,0,0,263.0847656,-1,222,202,588,222,202,-1,0
Our Lady Of Victory,0,0,1,1,262.9113768,-1,703,542,703,542,703,-1,0
Lodgepole NE,0,0,0,0,262.87904,-1,0,0,0,0,0,-1,0
Peetz,0,0,5,18,262.8742997,291,276,285,284,319,284,41,0
Platte Canyon,0,0,6,17,262.2927392,292,337,594,141,90,176,46,0
Fowler JV,0,0,0,0,262.127269,-1,260,260,260,260,260,-1,0
Centennial,0,0,10,9,261.0967606,293,197,271,312,261,301,42,0
Front Range Christian,0,0,8,14,260.8037327,294,356,222,109,624,171,43,0
Caprock Academy,0,0,7,16,260.3693844,295,139,482,179,373,181,44,0
Keyes OK,0,0,0,0,260.23811,-1,0,0,0,0,0,-1,0
Lamar Jv,0,0,0,0,260.07741,-1,0,0,0,0,0,-1,0
Custer County,0,0,8,14,259.7466528,296,332,438,269,199,482,45,0
Estes Park,0,0,6,15,259.464573,297,222,612,141,215,645,47,0
Midland Adventist KS,0,0,0,1,259.0778434,-1,1164,1164,1164,1164,1164,-1,0
Vail Christian,0,0,6,11,258.6622453,298,677,417,303,224,197,46,0
Wheat Ridge,0,0,1,22,258.3049873,299,56,59,88,58,55,61,0
Rehoboth Christian NM,0,0,0,0,258.0182519,-1,332,332,332,332,332,-1,0
Monticello UT,0,0,2,5,257.9741144,-1,184,185,184,217,185,-1,0
Legacy Sports,0,0,0,0,257.8573,-1,0,0,0,0,0,-1,0
Crested Butte,0,0,6,17,257.8563331,300,271,197,194,272,199,47,0
Aspen Jv,0,0,0,0,257.70531,-1,0,0,0,0,0,-1,0
Byers Jv,0,0,0,0,257.65186,-1,0,0,0,0,0,-1,0
Pikes Peak Christian,0,0,7,14,257.6232134,301,196,929,1093,253,272,43,0
Mitchell,0,0,4,19,257.5399661,302,1265,54,91,81,639,46,0
Pueblo Central JV,0,0,0,0,257.35829,-1,0,0,0,0,0,-1,0
Norwood,0,0,0,0,256.93778,-1,0,0,0,0,0,-1,0
Patterson Christian,0,0,0,0,256.66447,-1,0,0,0,0,0,-1,0
Fruita Jv,0,0,0,0,255.59243,-1,0,0,0,0,0,-1,0
Center Jv,0,0,0,0,255.09662,-1,0,0,0,0,0,-1,0
Fountain Valley,0,0,1,2,254.7052944,303,196,289,635,196,289,48,0
Vail Mountain,0,0,4,13,253.7292817,304,183,182,134,224,181,48,0
Douglas County Jv,0,0,0,0,253.671,-1,0,0,0,0,0,-1,0
Front Range Baptist,0,0,4,16,253.4867458,305,542,202,281,319,542,44,0
Basalt Jv,0,0,0,0,253.07388,-1,0,0,0,0,0,-1,0
St John Paul the Great,0,0,2,2,252.8732089,-1,55,703,202,731,55,-1,0
Raton NM,0,0,2,4,252.7784793,-1,105,1265,105,1265,261,-1,0
Sangre De Cristo,0,0,8,12,252.4414425,306,438,332,414,105,194,45,0
Farmington Nm Jv,0,0,0,0,252.20757,-1,0,0,0,0,0,-1,0
Primero,0,0,9,14,252.2030256,307,247,200,332,260,516,46,0
Dolores,0,0,5,16,252.1769166,308,186,188,185,199,230,49,0
Rye Jv,0,0,0,0,251.16759,-1,0,0,0,0,0,-1,0
Potter-Dix NE,0,0,0,3,250.8932934,-1,281,319,282,281,319,-1,0
North Park,0,0,2,20,250.4451164,309,181,182,183,182,576,47,0
Grand Junction Jv,0,0,0,0,249.9588,-1,0,0,0,0,0,-1,0
Rocky Mountain Lutheran,0,0,5,16,249.9006663,310,202,287,273,401,95,48,0
Custer County Jv,0,0,0,0,249.63467,-1,0,0,0,0,0,-1,0
Del Norte Jv,0,0,0,0,249.19745,-1,0,0,0,0,0,-1,0
Belleview Christian,0,0,5,18,249.0198854,311,109,612,356,215,348,50,0
Lake County,0,0,7,16,248.8459558,312,417,183,510,269,192,49,0
Kipp,0,0,11,11,248.7114623,313,1149,1151,51,648,540,50,0
Woodland Park,0,0,0,22,248.665351,314,547,313,708,102,1152,47,0
Pagosa Springs Jv,0,0,0,0,248.51356,-1,0,0,0,0,0,-1,0
Rocky Mountain Smart,0,0,7,16,248.3813403,315,206,1220,648,672,206,48,0
Air Academy JV,0,0,0,0,248.3565,-1,0,0,0,0,0,-1,0
Olathe Jv,0,0,0,0,248.04355,-1,0,0,0,0,0,-1,0
Hyland Christian,0,0,0,0,247.82784,-1,0,0,0,0,0,-1,0
Pritchett,0,0,0,0,247.41369,-1,0,0,0,0,0,-1,0
Telluride,0,0,6,17,247.2239536,316,188,231,123,230,118,51,0
Newcomb NM,0,0,0,0,247.21355,-1,0,0,0,0,0,-1,0
Dawson,0,0,5,16,246.7766645,317,612,134,222,171,624,52,0
DMLK,0,0,7,13,246.7071301,318,648,51,1151,21,26,49,0
Monument Academy,0,0,8,8,245.3987691,319,635,253,206,164,223,51,0
Liberty Jv,0,0,0,0,245.01296,-1,0,0,0,0,0,-1,0
Trinidad Jv,0,0,0,0,244.92899,-1,0,0,0,0,0,-1,0
Banner County NE,0,0,0,2,244.5510285,-1,284,281,284,281,284,-1,0
Midland Academy MI,0,0,0,2,244.3693286,-1,202,202,202,202,202,-1,0
Triplains KS,0,0,0,1,244.1523417,-1,285,285,285,285,285,-1,0
Pueblo South Jv,0,0,0,0,244.08067,-1,0,0,0,0,0,-1,0
Cortez JV,0,0,0,0,243.06866,-1,0,0,0,0,0,-1,0
Plainview Jv,0,0,0,0,242.07309,-1,0,0,0,0,0,-1,0
Maplewood Academy MN,0,0,0,1,240.6868578,-1,1164,1164,1164,1164,1164,-1,0
Brewster KS,0,0,0,0,240.66555,-1,0,0,0,0,0,-1,0
Denver Academy Of Torah,0,0,0,0,240.34899,-1,0,0,0,0,0,-1,0
Rolla KS,0,0,0,2,240.1713355,-1,520,250,520,250,520,-1,0
Love Christian,0,0,0,0,240.13485,-1,0,0,0,0,0,-1,0
The Pinnacle,0,0,4,18,239.6252018,320,672,377,677,206,95,53,0
Summit JV,0,0,0,0,239.46055,-1,0,0,0,0,0,-1,0
Sunnydale Academy Centralia MO,0,0,0,2,238.7683518,-1,202,202,202,202,202,-1,0
Denver Science-CG,0,0,2,16,238.5634729,321,206,1222,26,672,1147,50,0
Uintah River UT,0,0,0,0,238.55501,-1,0,0,0,0,0,-1,0
Crosspointe Christian IN,0,0,0,0,237.9271,-1,0,0,0,0,0,-1,0
Dugway UT,0,0,0,0,237.66393,-1,0,0,0,0,0,-1,0
Strive-Smart,0,0,0,0,237.60649,-1,0,0,0,0,0,-1,0
STEAD,0,0,1,1,237.4715265,322,731,1209,731,1209,731,4,0
Parkhill Christian,0,0,0,0,236.58002,-1,0,0,0,0,0,-1,0
Lincoln Eagles,0,0,0,0,236.45972,-1,0,0,0,0,0,-1,0
Nederland,0,0,1,3,235.0107813,323,512,1209,1164,109,512,52,0
Denver Academy,0,0,1,1,234.7595516,-1,222,703,222,703,222,-1,0
Pueblo South,0,0,1,22,234.5974639,324,78,76,79,77,78,62,0
Denver Science-College View,0,0,7,14,234.5667075,325,947,1222,1149,206,22,51,0
Moffat,0,0,6,11,234.0486056,326,194,271,196,301,431,49,0
Dolores Huerta Prep,0,0,3,13,233.1934608,327,677,223,253,105,635,54,0
Yarbrough OK,0,0,0,1,233.1588542,-1,250,250,250,250,250,-1,0
Aguilar,0,0,0,0,233.01416,-1,0,0,0,0,0,-1,0
Wagon Mound NM,0,0,0,0,232.91604,-1,0,0,0,0,0,-1,0
Omaha Lightning,0,0,0,0,232.83667,-1,0,0,0,0,0,-1,0
Denver Christian JV,0,0,0,0,232.63278,-1,0,0,0,0,0,-1,0
Steamboat Springs JV,0,0,0,0,231.87192,-1,0,0,0,0,0,-1,0
Cripple Creek,0,0,6,16,231.7833193,328,635,260,269,212,301,50,0
Colorado Springs School,0,0,4,11,231.5097566,329,168,504,164,289,929,53,0
Coronado Jv,0,0,0,0,231.40005,-1,0,0,0,0,0,-1,0
Skyridge UT,0,0,0,1,231.0647931,-1,16,16,16,16,16,-1,0
Liberty Tree,0,0,5,17,230.0433712,330,289,635,599,253,533,54,0
Centauri Jv,0,0,0,0,229.62501,-1,0,0,0,0,0,-1,0
Longmont Christian,0,0,0,0,229.60618,-1,0,0,0,0,0,-1,0
Denver Academy JV,0,0,0,0,229.5497972,-1,134,134,134,134,134,-1,0
Walsenburg,0,0,2,18,228.7160484,331,408,189,47,189,125,55,0
Shiprock NW NM,0,0,0,3,228.1483796,-1,83,126,83,83,126,-1,0
Denver Science-GVR,0,0,3,17,228.1286904,332,51,1220,460,24,22,52,0
Englewood,0,0,3,17,227.5738602,333,677,94,37,142,510,53,0
Ascent Classical,0,0,7,10,227.3089088,334,378,512,512,929,697,56,0
New Mexico Deaf/Blind,0,0,1,0,226.0180518,-1,251,251,251,251,251,-1,0
Hinkley,0,0,0,21,224.5162529,335,63,1150,1222,206,665,63,0
Lotus School For Excellence,0,0,4,18,224.4902545,336,482,504,540,697,731,55,0
Eagle Valley Jv,0,0,0,0,224.1277,-1,0,0,0,0,0,-1,0
Lincoln Jv,0,0,0,0,224.01825,-1,0,0,0,0,0,-1,0
Colorado Academy JV,0,0,0,0,223.70329,-1,0,0,0,0,0,-1,0
Peyton Jv,0,0,0,0,223.683933,-1,289,289,289,289,289,-1,0
Two Roads,0,0,0,0,222.9513651,-1,512,533,512,401,1209,-1,0
Sheridan,0,0,2,15,221.2660242,337,703,540,139,94,37,57,0
Ouray,0,0,0,19,220.7013129,338,188,217,231,161,186,51,0
Atlas Preparatory,0,0,0,0,220.15419,-1,0,0,0,0,0,-1,0
Des Moines Home School Iowa,0,0,0,0,219.07256,-1,0,0,0,0,0,-1,0
Aurora West College Prep,0,0,4,17,217.9634788,339,54,533,37,947,401,56,0
Conifer JV,0,0,0,0,217.65859,-1,0,0,0,0,0,-1,0
Phoenix Deaf/Blind,0,0,0,0,215.5129456,-1,251,251,251,251,251,-1,0
Stem-Highlands Ranch,0,0,3,18,214.5045034,340,512,648,378,202,512,57,0
Antonito,0,0,4,14,213.4710747,341,414,431,438,301,271,52,0
Victory Prep,0,0,2,9,211.4101782,342,677,588,542,1313,203,58,0
Clear Creek,0,0,0,20,210.0764823,343,356,173,367,257,612,58,0
Jefferson Jv,0,0,0,0,208.773684,-1,0,0,0,0,0,-1,0
Iowa Deaf/Blind,0,0,0,0,206.029261,-1,0,0,0,0,0,-1,0
Bakersfield Adventist CA,0,0,0,0,204.5086051,-1,202,202,202,202,202,-1,0
Smith,0,0,0,0,203.828433,-1,0,0,0,0,0,-1,0
Manzanola,0,0,1,19,202.111996,344,196,275,261,269,332,53,0
Cedarwood Christian,0,0,0,0,201.919902,-1,0,0,0,0,0,-1,0
FWC Academy,0,0,0,2,201.5494038,345,1265,1209,1265,1209,1265,5,0
Colorado Deaf/Blind,0,0,0,5,201.4209354,346,196,1095,223,196,421,54,0
Newbury Park Adventist CA,0,0,0,0,199.3976351,-1,202,202,202,202,202,-1,0
Hanover,0,0,0,21,195.1681339,347,288,286,332,194,289,55,0
Lake City,0,0,0,10,192.3799452,348,194,301,332,194,414,56,0
Beth Eden,0,0,0,2,191.4870753,349,731,731,731,731,731,57,0
Gals-D,0,0,0,6,191.1207375,350,542,378,90,648,533,6,0
Poudre Community Academy,0,0,0,17,190.0215288,351,947,533,533,947,697,59,0
Plainview,0,0,0,0,189.85414,-1,0,0,0,0,0,-1,0
Denver University,0,0,0,0,187.71676,-1,0,0,0,0,0,-1,0
Legacy Jv,0,0,0,0,186.40232,-1,0,0,0,0,0,-1,0
Arizona Deaf/Blind,0,0,0,0,184.15963,-1,0,0,0,0,0,-1,0
Denver Science-Elevate,0,0,0,2,182.1186148,352,92,1209,92,1209,92,7,0
Christian Family KS,0,0,0,0,174.602567,-1,285,285,285,285,285,-1,0
Napa Christian CA,0,0,0,0,172.8541838,-1,202,202,202,202,202,-1,0
Vanguard Classical East,0,0,0,0,160.40678,-1,0,0,0,0,0,-1,0
Minnesota Deaf/Blind,0,0,0,0,126.60209,-1,0,0,0,0,0,-1,0
