id,state_id,city_id,name,team_num,football_stadium_id,basketball_stadium_id,soccer_stadium_id,division_id,conference_id,level
11391,Alaska,,AK Anchorage,713,,,,NCAA 2,Great Northwest,College
11392,Alaska,,AK Fairbanks,714,,,,NCAA 2,Great Northwest,College
11318,Alabama,,AL Huntsville,640,,,,NCAA 2,Gulf South,College
12206,Georgia,,Abe Baldwin,1537,,,,NAIA,,College
10837,Texas,,Abilene Chr,157,,,,NCAA 1,Western Athletic,College
11182,California,,Academy of Art,504,,,,,,College
11137,Colorado,,Adams St,459,,,,NCAA 2,RMAC,College
11279,New York,,Adelphi,601,,,,NCAA 2,Northeast-10,College
11490,Michigan,,Adrian,814,,,,NCAA 3,Michigan,College
12136,Georgia,,Agnes Scott,1462,,,,NCAA 3,Conference of the South,College
10767,Colorado,,Air Force,87,,,,NCAA 1,Mountain West,College
10899,Ohio,,Akron,219,,,,NCAA 1,MAC,College
10717,Alabama,,Alabama,36,,,,NCAA 1,SEC,College
10880,Alabama,,Alabama A&M,200,,,,NCAA 1,SWAC,College
10883,Alabama,,Alabama St,203,,,,NCAA 1,SWAC,College
11377,Georgia,,Albany GA,699,,,,NCAA 2,Southern IAC,College
12107,New York,,Albany Pharmacy,1432,,,,,Other,College
11395,Connecticut,,Albertus Magnus,717,,,,NCAA 3,Great Northeast,College
11489,Michigan,,Albion,813,,,,NCAA 3,Michigan,College
11756,Pennsylvania,,Albright,1082,,,,NCAA 3,Middle Atlantic,College
10875,Mississippi,,Alcorn St,195,,,,NCAA 1,SWAC,College
11103,West Virginia,,Ald-Broaddus,425,,,,,Mountain East,College
11713,New York,,Alfred,1039,,,,NCAA 3,Empire 8,College
11790,New York,,Alfred St,1116,,,,NCAA 3,Allegheny Mountain,College
11927,Kentucky,,Alice Lloyd,1253,,,,NAIA,River States,College
11847,Pennsylvania,,Allegheny,1173,,,,NCAA 3,Presidents,College
11383,South Carolina,,Allen,705,,,,NCAA 2,Southern IAC,College
11361,New York,,Alliance,683,,,,,Central Atlantic,College
11491,Michigan,,Alma,815,,,,NCAA 3,Michigan,College
11745,Pennsylvania,,Alvernia,1071,,,,NCAA 3,Middle Atlantic,College
12137,Wisconsin,,Alverno,1463,,,,,,College
12193,Alberta,,Ambrose,1521,,,,,,College
11282,Massachusetts,,American Intl,604,,,,NCAA 2,Northeast-10,College
12182,Puerto Rico,,American PR,1509,,,,,,College
11053,District of Columbia,,American Univ,374,,,,NCAA 1,Patriot,College
11481,Massachusetts,,Amherst,805,,,,NCAA 3,NESCAC,College
12181,Puerto Rico,,Ana G Mendez,1508,,,,,,College
11953,Indiana,,Anderson IN,1279,,,,NCAA 3,Heartland,College
11234,South Carolina,,Anderson SC,556,,,,NCAA 2,South Atlantic,College
12112,Michigan,,Andrews,1437,,,,,,College
12173,Texas,,Angelina,1500,,,,,,College
11153,Texas,,Angelo St,475,,,,NCAA 2,Lone Star,College
11403,Massachusetts,,Anna Maria,725,,,,NCAA 3,Great Northeast,College
11845,California,,Antelope Val,1171,,,,,California Pacific,College
12045,West Virginia,,Appalachian Bib,1371,,,,,Other,College
10860,North Carolina,,Appalachian St,180,,,,NCAA 1,Sun Belt,College
12157,Virginia,,Apprentice,1484,,,,,,College
11581,Michigan,,Aquinas,905,,,,NAIA,Wolverine-Hoosier,College
11751,Pennsylvania,,Arcadia,1077,,,,NCAA 3,Middle Atlantic,College
10732,Arizona,,Arizona,51,,,,NCAA 1,Pac 12,College
11566,Arizona,,Arizona Chr,890,,,,NAIA,Golden State,College
10734,Arizona,,Arizona St,53,,,,NCAA 1,Pac 12,College
11877,Arkansas,,Ark Baptist,1203,,,,NAIA,Continental,College
11048,Arkansas,,Ark Little Rock,393,,,,NCAA 1,Ohio Valley,College
11178,Arkansas,,Ark Monticello,500,,,,NCAA 2,Great American,College
10882,Arkansas,,Ark Pine Bluff,202,,,,NCAA 1,SWAC,College
10719,Arkansas,,Arkansas,38,,,,NCAA 1,SEC,College
10864,Arkansas,,Arkansas St,184,,,,NCAA 1,Sun Belt,College
11174,Arkansas,,Arkansas Tech,496,,,,NCAA 2,Great American,College
11163,Arkansas,,Arkansas-FS,485,,,,NCAA 2,Lone Star,College
12049,Texas,,Arlington Bap,1375,,,,,,College
11055,New York,,Army,376,,,,NCAA 1,Patriot,College
11407,Kentucky,,Asbury,730,,,,NCAA 3,NCAA 3 Independent,College
11285,Ohio,,Ashland,607,,,,NCAA 2,Great Midwest,College
11278,Massachusetts,,Assumption,600,,,,NCAA 2,Northeast-10,College
12086,Florida,,Atlantis,1411,,,,Other,Other,College
10722,Alabama,,Auburn,41,,,,NCAA 1,SEC,College
11324,Alabama,,Auburn M'gomery,646,,,,NCAA 2,Gulf South,College
11501,Minnesota,,Augsburg,825,,,,NCAA 3,Minnesota,College
11250,Georgia,,Augusta,572,,,,NCAA 2,Peach Belt,College
12077,Alberta,,Augustana AB,1402,,,,,,College
11417,Illinois,,Augustana IL,740,,,,NCAA 3,Illinois-Wisconsin,College
11199,South Dakota,,Augustana SD,521,,,,NCAA 2,Northern Sun,College
11638,Illinois,,Aurora,962,,,,NCAA 3,Northern Atlantic,College
11512,Texas,,Austin Col,836,,,,NCAA 3,Southern Collegiate,College
10931,Tennessee,,Austin Peay,251,,,,NCAA 1,Atlantic Sun,College
11862,Florida,,Ave Maria,1188,,,,NAIA,The Sun,College
10984,Virginia,,Averett,304,,,,NCAA 3,Old Dominion,College
11729,Missouri,,Avila,1055,,,,NAIA,Kansas,College
11181,California,,Azusa Pacific,503,,,,NCAA 2,Pacific West,College
12207,Ohio,,B&S OH NJCAA,1542,,,,,,College
10783,Utah,,BYU,103,,,,NCAA 1,West Coast,College
11514,Massachusetts,,Babson,838,,,,NCAA 3,New England,College
11888,Oklahoma,,Bacone,1214,,,,,Continental,College
11619,Kansas,,Baker KS,943,,,,NAIA,Heart of America,College
11264,Ohio,,Baldwin-Wallace,586,,,,NCAA 3,Ohio,College
10901,Indiana,,Ball St,221,,,,NCAA 1,MAC,College
12052,Kansas,,Barclay,1378,,,,,,College
11772,New York,,Bard,1098,,,,NCAA 3,Liberty League,College
10969,Florida,,Barry,289,,,,NCAA 2,Sunshine State,College
11298,North Carolina,,Barton,620,,,,NCAA 2,Carolinas,College
11866,New York,,Baruch,1192,,,,NCAA 3,City Univ of NY,College
11484,Maine,,Bates,808,,,,NCAA 3,NESCAC,College
12180,Puerto Rico,,Bayamon Central,1507,,,,,,College
10684,Texas,,Baylor,3,,,,NCAA 1,Big 12,College
12205,Florida,,Beacon,1534,,,,,,College
11706,Mississippi,,Belhaven MS,1032,,,,NCAA 3,Conference of the South,College
10926,Kentucky,,Bellarmine,246,,,,NCAA 1,Atlantic Sun,College
11990,Nebraska,,Bellevue,1316,,,,NAIA,North Star,College
10843,Tennessee,,Belmont,163,,,,NCAA 1,Missouri Valley,College
11297,North Carolina,,Belmont Abbey,619,,,,NCAA 2,Carolinas,College
11565,Wisconsin,,Beloit,889,,,,NCAA 3,Midwest,College
11198,Minnesota,,Bemidji St,520,,,,NCAA 2,Northern Sun,College
11369,South Carolina,,Benedict,691,,,,NCAA 2,Southern IAC,College
11840,Arizona,,Benedictine AZ,1166,,,,NAIA,California Pacific,College
11634,Illinois,,Benedictine IL,958,,,,NCAA 3,Northern Atlantic,College
11623,Kansas,,Benedictine KS,947,,,,NAIA,Heart of America,College
11270,Massachusetts,,Bentley,592,,,,NCAA 2,Northeast-10,College
11707,Kentucky,,Berea,1033,,,,NCAA 3,Conference of the South,College
12089,New York,,Berkeley NYC,1414,,,,,,College
11540,Georgia,,Berry,864,,,,NCAA 3,Southern Athletic,College
11724,Kansas,,Bethany KS,1050,,,,NAIA,Kansas,College
11695,Minnesota,,Bethany Luth,1021,,,,NCAA 3,Upper Midwest,College
11856,West Virginia,,Bethany WV,1182,,,,NCAA 3,Presidents,College
11218,Indiana,,Bethel IN,540,,,,NAIA,Crossroads,College
11723,Kansas,,Bethel KS,1049,,,,NAIA,Kansas,College
11499,Minnesota,,Bethel MN,823,,,,NCAA 3,Minnesota,College
11604,Tennessee,,Bethel TN,928,,,,NAIA,Mid-South,College
12009,California,,Bethesda,1335,,,,,,College
10881,Florida,,Bethune-Cookman,201,,,,NCAA 1,SWAC,College
11077,New York,,Binghamton,399,,,,NCAA 1,America East,College
11183,California,,Biola,505,,,,NCAA 2,Pacific West,College
11543,Alabama,,Birmingham So,867,,,,,Southern Athletic,College
12225,North Dakota,,Bismarck St,1560,,,,NAIA,,College
11125,South Dakota,,Black Hills St,447,,,,NCAA 2,RMAC,College
11893,Missouri,,Blackburn,1219,,,,NCAA 3,St Louis,College
12174,Texas,,Blinn,1501,,,,,,College
11359,New Jersey,,Bloomfield,681,,,,NCAA 2,Central Atlantic,College
11124,Pennsylvania,,Bloomsburg,446,,,,NCAA 2,Penn St,College
11778,Mississippi,,Blue Mtn,1104,,,,NAIA,Southern States,College
11353,West Virginia,,Bluefield St,675,,,,NCAA 2,NCAA 2 Independent,College
11974,Virginia,,Bluefield Univ,1300,,,,NAIA,Appalachian,College
11960,Ohio,,Bluffton,1286,,,,NCAA 3,Heartland,College
11408,South Carolina,,Bob Jones,731,,,,,NCAA 3 Independent,College
10760,Idaho,,Boise St,80,,,,NCAA 1,Mountain West,College
10753,Massachusetts,,Boston College,73,,,,NCAA 1,ACC,College
11054,Massachusetts,,Boston Univ,375,,,,NCAA 1,Patriot,College
11483,Maine,,Bowdoin,807,,,,NCAA 3,NESCAC,College
11341,Maryland,,Bowie St,663,,,,NCAA 2,Central,College
10905,Ohio,,Bowling Green,225,,,,NCAA 1,MAC,College
12020,Kentucky,,Boyce,1346,,,,Other,Other,College
10841,Illinois,,Bradley,161,,,,NCAA 1,Missouri Valley,College
11462,Massachusetts,,Brandeis,786,,,,NCAA 3,Univeristy,College
12150,Georgia,,Brenau,1476,,,,NAIA,Appalachian,College
11928,Kentucky,,Brescia,1254,,,,NAIA,River States,College
11693,North Carolina,,Brevard,1019,,,,NCAA 3,USA South,College
11783,Georgia,,Brewton-Parker,1109,,,,NAIA,Southern States,College
11649,Iowa,,Briar Cliff,973,,,,NAIA,Great Plains,College
11364,Connecticut,,Bridgeport,686,,,,NCAA 2,Central Atlantic,College
11946,Massachusetts,,Bridgewater MA,1272,,,,NCAA 3,Massachusetts,College
10983,Virginia,,Bridgewater VA,303,,,,NCAA 3,Old Dominion,College
12163,Saskatchewan,,Briercrest,1490,,,,,,College
12126,British Columbia,,Brit Columbia,1452,,,,,,College
11430,New York,,Brockport St,754,,,,NCAA 3,SUNY,College
11872,New York,,Brooklyn Col,1198,,,,NCAA 3,City Univ of NY,College
10870,Rhode Island,,Brown,190,,,,NCAA 1,Ivy,College
12094,Pennsylvania,,Bry & Strat-Albany,1419,,,,,,College
12084,New York,,Bry & Strat-Buffalo,1409,,,,,,College
12097,New York,,Bry & Strat-Greece,1422,,,,,,College
12217,Ohio,,Bry & Strat-OH,1552,,,,,,College
12087,New York,,Bry & Strat-Syracuse,1412,,,,,,College
11969,Tennessee,,Bryan,1295,,,,NAIA,Appalachian,College
11074,Rhode Island,,Bryant,396,,,,NCAA 1,America East,College
11916,Pennsylvania,,Bryn Athyn,1242,,,,,,College
12138,Pennsylvania,,Bryn Mawr,1464,,,,NCAA 3,Centennial,College
11058,Pennsylvania,,Bucknell,379,,,,NCAA 1,Patriot,College
12113,Pennsylvania,,Bucks Co CC,1438,,,,,,College
11555,Iowa,,Buena Vista,879,,,,NCAA 3,American Rivers,College
10902,New York,,Buffalo,222,,,,NCAA 1,MAC,College
11438,New York,,Buffalo St,762,,,,NCAA 3,SUNY,College
10997,Oregon,,Bushnell,317,,,,NAIA,Cascade,College
10714,Indiana,,Butler,33,,,,NCAA 1,Big East,College
12031,Missouri,,C Chr Bible,1357,,,,,,College
12095,Maine,,C Maine Tech,1420,,,,,,College
10906,Michigan,,C Michigan,226,,,,NCAA 1,MAC,College
11091,Missouri,,C Missouri,413,,,,NCAA 2,Mid-America,College
11082,Oklahoma,,C Oklahoma,404,,,,NCAA 2,Mid-America,College
11389,Virginia,,C Washington,711,,,,NCAA 2,Great Midwest,College
12190,Texas,,CBS-Houston,1517,,,,,,College
12155,Pennsylvania,,CC Allegheny-B,1481,,,,,,College
12201,Maryland,,CCBC Essex,1528,,,,,,College
11128,Colorado,,CO Mesa,450,,,,NCAA 2,RMAC,College
10893,California,,CS Bakersfield,213,,,,NCAA 1,Big West,College
11142,California,,CS Chico,464,,,,NCAA 2,California,College
11147,California,,CS Dom. Hills,469,,,,NCAA 2,California,College
10889,California,,CS Fullerton,209,,,,NCAA 1,Big West,College
11150,California,,CS Monterey Bay,472,,,,NCAA 2,California,College
10896,California,,CS Northridge,216,,,,NCAA 1,Big West,College
11145,California,,CS Poly Pomona,467,,,,NCAA 2,California,College
10948,California,,CS Sacramento,268,,,,NCAA 1,Big Sky,College
11140,California,,CS San Bern.,462,,,,NCAA 2,California,College
11141,California,,CS San Marcos,463,,,,NCAA 2,California,College
11151,California,,CS Stanislaus,473,,,,NCAA 2,California,College
11143,California,,CSU East Bay,465,,,,NCAA 2,California,College
11134,Colorado,,CSU-Pueblo,456,,,,NCAA 2,RMAC,College
11482,Connecticut,,CT College,806,,,,NCAA 3,NESCAC,College
11804,Pennsylvania,,Cabrini,1130,,,,,Atlantic East,College
11913,Pennsylvania,,Cairn,1239,,,,NCAA 3,Colonial States,College
10833,California,,Cal Baptist,153,,,,NCAA 1,Western Athletic,College
11590,California,,Cal Lutheran,914,,,,NCAA 3,Southern Cal,College
11838,California,,Cal Maritime,1164,,,,NAIA,California Pacific,College
12002,California,,Cal Miramar,1328,,,,Other,Other,College
10895,California,,Cal Poly,215,,,,NCAA 1,Big West,College
11149,California,,Cal St-LA,471,,,,NCAA 2,California,College
12215,California,,Cal Tribal,1549,,,,,,College
11357,New Jersey,,Caldwell,679,,,,NCAA 2,Central Atlantic,College
10742,California,,California,61,,,,NCAA 1,Pac 12,College
11113,Pennsylvania,,California PA,435,,,,NCAA 2,Penn St,College
11594,California,,Caltech,918,,,,NCAA 3,Southern Cal,College
11907,Indiana,,Calumet-St Jos,1233,,,,NAIA,Chicagoland,College
12042,Missouri,,Calvary Bib,1368,,,,,,College
11485,Michigan,,Calvin,809,,,,NCAA 3,Michigan,College
11167,Oklahoma,,Cameron,489,,,,NCAA 2,Lone Star,College
12008,Kentucky,,Camp U-Harrodsburg,1334,,,,,ACC,College
11036,New York,,Campbell,357,,,,NCAA 1,Big South,College
11605,Kentucky,,Campbellsville,929,,,,NAIA,Mid-South,College
12131,Manitoba,,Canadian Menn,1457,,,,,,College
11011,New York,,Canisius,331,,,,NCAA 1,Metro Atalantic,College
12121,British Columbia,,Capilano,1447,,,,,,College
11266,Ohio,,Capital,588,,,,NCAA 3,Ohio,College
11911,Wisconsin,,Card Stritch,1237,,,,,,College
12177,Puerto Rico,,Caribbean,1504,,,,,,College
11493,Minnesota,,Carleton MN,817,,,,NCAA 3,Minnesota,College
11932,Pennsylvania,,Carlow,1258,,,,NCAA 3,Allegheny Mountain,College
11461,Pennsylvania,,Carnegie Mellon,785,,,,NCAA 3,Univeristy,College
12026,North Carolina,,Carolina Chr,1352,,,,,,College
12005,North Carolina,,Carolina Univ,1331,,,,NAIA,,College
11683,Montana,,Carroll MT,1008,,,,NAIA,Frontier,College
11418,Wisconsin,,Carroll WI,741,,,,NCAA 3,Illinois-Wisconsin,College
11229,Tennessee,,Carson-Newman,551,,,,NCAA 2,South Atlantic,College
11414,Wisconsin,,Carthage,737,,,,NCAA 3,Illinois-Wisconsin,College
12022,Georgia,,Carver Bib,1348,,,,Other,Other,College
11456,Ohio,,Case Western,780,,,,NCAA 3,Univeristy,College
11455,Vermont,,Castleton,779,,,,NCAA 3,Little East,College
11225,North Carolina,,Catawba,547,,,,NCAA 2,South Atlantic,College
11608,District of Columbia,,Catholic,932,,,,NCAA 3,Landmark,College
12216,Puerto Rico,,Catholic PR,1550,,,,,,College
11938,New York,,Cazenovia,1264,,,,,,College
12139,Pennsylvania,,Cedar Crest,1465,,,,NCAA 3,Colonial States,College
11286,Ohio,,Cedarville,608,,,,NCAA 2,Great Midwest,College
10932,Arkansas,,Cent Arkansas,252,,,,NCAA 1,Atlantic Sun,College
11621,Missouri,,Cent Methodist,945,,,,NAIA,Heart of America,College
11506,Louisiana,,Centenary,830,,,,NCAA 3,Southern Collegiate,College
11807,New Jersey,,Centenary NJ,1133,,,,NCAA 3,Atlantic East,College
11979,Arkansas,,Central Bap,1305,,,,NAIA,American MW,College
11743,Kansas,,Central Chr,1069,,,,NAIA,Sooner,College
10823,Connecticut,,Central Conn,143,,,,NCAA 1,Northeast,College
11549,Iowa,,Central IA,873,,,,NCAA 3,American Rivers,College
12101,Pennsylvania,,Central Penn,1426,,,,,,College
11382,Ohio,,Central St OH,704,,,,NCAA 2,Southern IAC,College
11545,Kentucky,,Centre,869,,,,NCAA 3,Southern Athletic,College
11139,Nebraska,,Chadron St,461,,,,NCAA 2,RMAC,College
11185,Hawaii,,Chaminade,507,,,,NCAA 2,Pacific West,College
12017,Arkansas,,Champion Bap,1343,,,,,,College
11591,California,,Chapman,915,,,,NCAA 3,Southern Cal,College
11038,South Carolina,,Charleston So,359,,,,NCAA 1,Big South,College
11097,West Virginia,,Charleston WV,419,,,,NCAA 2,Mountain East,College
10794,New York,,Charlotte,114,,,,NCAA 1,Conference USA,College
11849,Pennsylvania,,Chatham,1175,,,,NCAA 3,Presidents,College
10912,Tennessee,,Chattanooga,232,,,,NCAA 1,Southern,College
11362,Pennsylvania,,Chestnut Hill,684,,,,NCAA 2,Central Atlantic,College
11998,Pennsylvania,,Cheyney St,1324,,,,,,College
11463,Illinois,,Chicago,787,,,,NCAA 3,Univeristy,College
10816,Illinois,,Chicago St,136,,,,NCAA 1,NCAA 1 Independent,College
12218,Chihuahua,,Chihuahua,1553,,,,,,College
11299,North Carolina,,Chowan,621,,,,NCAA 2,Carolinas,College
11329,Tennessee,,Chr Brothers,651,,,,NCAA 2,Gulf South,College
11207,Virginia,,Chris Newport,529,,,,NCAA 3,Coast-to-Coast,College
12110,Virginia,,Christendom,1435,,,,,,College
12066,Ohio,,Cin Clermont,1391,,,,,,College
10771,Ohio,,Cincinnati,91,,,,NCAA 1,American Athletic,College
12226,Texas,,Cisco JC,1563,,,,,,College
11868,New York,,City Col NY,1194,,,,NCAA 3,City Univ of NY,College
11333,South Carolina,,Claflin,655,,,,NCAA 2,Central,College
11587,California,,Claremont M.S.,911,,,,NCAA 3,Southern Cal,College
11123,Pennsylvania,,Clarion,445,,,,NCAA 2,Penn St,College
11378,Georgia,,Clark Atlanta,700,,,,NCAA 2,Southern IAC,College
11516,Massachusetts,,Clark MA,840,,,,NCAA 3,New England,College
12118,Ohio,,Clark St,1444,,,,,,College
11624,Iowa,,Clarke,948,,,,NAIA,Heart of America,College
11769,New York,,Clarkson,1095,,,,NCAA 3,Liberty League,College
11259,Georgia,,Clayton St,581,,,,NCAA 2,Peach Belt,College
12186,Michigan,,Cleary,1513,,,,NAIA,NAIA Independent,College
10749,South Carolina,,Clemson,69,,,,NCAA 1,ACC,College
11064,Ohio,,Cleveland St,385,,,,NCAA 1,Horizon,College
12057,South Carolina,,Clinton JC,1383,,,,,,College
11520,Connecticut,,Coast Guard,844,,,,NCAA 3,New England,College
10862,South Carolina,,Coastal Car,182,,,,NCAA 1,Sun Belt,College
11865,Georgia,,Coastal GA,1191,,,,NAIA,The Sun,College
11550,Iowa,,Coe,874,,,,NCAA 3,American Rivers,College
11233,South Carolina,,Coker,555,,,,NCAA 2,South Atlantic,College
10953,South Carolina,,Col Charleston,273,,,,NCAA 1,Colonial,College
11963,Missouri,,Col Ozarks,1289,,,,NAIA,NAIA Independent,College
11129,Colorado,,Col Springs,451,,,,NCAA 2,RMAC,College
12228,Illinois,,Col of Dupage,1565,,,,,,College
10990,Idaho,,Col of Idaho,310,,,,NAIA,Cascade,College
11478,Maine,,Colby,802,,,,NCAA 3,NESCAC,College
11402,New Hampshire,,Colby-Sawyer,724,,,,NCAA 3,Great Northeast,College
11051,New York,,Colgate,372,,,,NCAA 1,Patriot,College
11676,New Jersey,,College of NJ,1001,,,,NCAA 3,New Jersey,College
12160,Texas,,Collin Co,1487,,,,,,College
10736,Colorado,,Colorado,55,,,,NCAA 1,Pac 12,College
11136,Colorado,,Colorado Chr,458,,,,NCAA 2,RMAC,College
11508,Colorado,,Colorado Col,832,,,,NCAA 3,Southern Collegiate,College
11127,Colorado,,Colorado Mines,449,,,,NCAA 2,RMAC,College
10764,Colorado,,Colorado St,84,,,,NCAA 1,Mountain West,College
10873,New York,,Columbia,193,,,,NCAA 1,Ivy,College
12060,British Columbia,,Columbia Bib,1386,,,,,,College
11966,South Carolina,,Columbia Intl,1292,,,,NAIA,Appalachian,College
11978,Missouri,,Columbia MO,1304,,,,NAIA,American MW,College
12151,South Carolina,,Columbia SC,1477,,,,NAIA,Appalachian,College
11254,Georgia,,Columbus St,576,,,,NCAA 2,Peach Belt,College
11102,Washington,,Concord,424,,,,NCAA 2,Mountain East,College
12198,Alberta,,Concordia AB,1526,,,,,,College
11190,California,,Concordia CA,512,,,,NCAA 2,Pacific West,College
11632,Illinois,,Concordia IL,956,,,,NCAA 3,Northern Atlantic,College
11584,Michigan,,Concordia MI,908,,,,,,College
11502,Minnesota,,Concordia Mhd,826,,,,NCAA 3,Minnesota,College
11646,Nebraska,,Concordia NE,970,,,,NAIA,Great Plains,College
11205,Minnesota,,Concordia SP,527,,,,NCAA 2,Northern Sun,College
11469,Texas,,Concordia TX,793,,,,NCAA 3,American SW,College
11637,Wisconsin,,Concordia WI,961,,,,NCAA 3,Northern Atlantic,College
10706,Connecticut,,Connecticut,25,,,,NCAA 1,Big East,College
11301,South Carolina,,Converse,623,,,,NCAA 2,Carolinas,College
11018,Maryland,,Coppin St,341,,,,NCAA 1,MEAC,College
10991,Oklahoma,,Corban,311,,,,NAIA,Cascade,College
10869,New York,,Cornell,189,,,,NCAA 1,Ivy,College
11559,Iowa,,Cornell IA,883,,,,NCAA 3,Midwest,College
11578,Michigan,,Cornerstone,902,,,,NAIA,Wolverine-Hoosier,College
11431,New York,,Cortland St,755,,,,NCAA 3,SUNY,College
12152,Missouri,,Cottey,1478,,,,NAIA,American MW,College
11708,Georgia,,Covenant,1034,,,,NCAA 3,Conference of the South,College
10709,Illinois,,Creighton,28,,,,NCAA 1,Big East,College
11882,Arkansas,,Crowley's Ridge,1208,,,,NAIA,Continental,College
11698,Minnesota,,Crown MN,1024,,,,NCAA 3,Upper Midwest,College
12105,Tennessee,,Crown TN,1430,,,,Other,Other,College
12103,New York,,Culinary Inst,1428,,,,Other,Other,College
11627,Missouri,,Culver-Stockton,951,,,,NAIA,Heart of America,College
11603,Tennessee,,Cumberland TN,927,,,,NAIA,Mid-South,College
11602,Kentucky,,Cumberlands KY,926,,,,NAIA,Mid-South,College
11529,Massachusetts,,Curry,853,,,,NCAA 3,Commonwealth Coast,College
11351,New York,,D'Youville,673,,,,NCAA 2,East Coast,College
11344,New York,,Daemen,666,,,,NCAA 2,East Coast,College
11991,South Dakota,,Dakota St,1317,,,,NAIA,North Star,College
11650,South Dakota,,Dakota Wesleyan,974,,,,NAIA,Great Plains,College
12015,Texas,,Dallas Chr,1341,,,,,,College
11511,Texas,,Dallas Univ,835,,,,NCAA 3,Southern Collegiate,College
11779,Georgia,,Dalton St,1105,,,,,,College
10872,New Hampshire,,Dartmouth,192,,,,NCAA 1,Ivy,College
11316,Michigan,,Davenport,638,,,,NCAA 2,Great Lakes,College
10806,North Carolina,,Davidson,126,,,,NCAA 1,Atlantic 10,College
11099,West Virginia,,Davis & Elkins,421,,,,NCAA 2,Mountain East,College
10802,Ohio,,Dayton,122,,,,NCAA 1,Atlantic 10,College
11534,Indiana,,DePauw,858,,,,NCAA 3,North Coast Atlantic,College
11747,Pennsylvania,,DeSales,1073,,,,NCAA 3,Middle Atlantic,College
11400,Massachusetts,,Dean,722,,,,NCAA 3,Great Northeast,College
11961,Ohio,,Defiance,1287,,,,NAIA,Heartland,College
10958,Delaware,,Delaware,278,,,,NCAA 1,Colonial,College
11020,Delaware,,Delaware St,340,,,,NCAA 1,MEAC,College
11760,Pennsylvania,,Delaware Val,1086,,,,NCAA 3,Middle Atlantic,College
11328,Mississippi,,Delta St,650,,,,NCAA 2,Gulf South,College
11535,Ohio,,Denison,859,,,,NCAA 3,North Coast Atlantic,College
11028,Colorado,,Denver,349,,,,NCAA 1,Summit,College
10715,Illinois,,Depaul,34,,,,NCAA 1,Big East,College
11067,Michigan,,Detroit,388,,,,NCAA 1,Horizon,College
11426,Pennsylvania,,Dickinson,749,,,,NCAA 3,Centennial,College
11988,North Dakota,,Dickinson St ND,1314,,,,NAIA,North Star,College
11664,Louisiana,,Dillard,989,,,,NAIA,Gulf Coast,College
11345,District of Columbia,,Dist Columbia,667,,,,NCAA 2,East Coast,College
11652,Nebraska,,Doane,977,,,,NAIA,Great Plains,College
11186,California,,Dominican CA,508,,,,NCAA 2,Pacific West,College
11642,Illinois,,Dominican IL,966,,,,NCAA 3,Northern Atlantic,College
11355,New York,,Dominican NY,677,,,,NCAA 2,Central Atlantic,College
11645,Iowa,,Dordt,969,,,,NAIA,Great Plains,College
12059,British Columbia,,Douglas,1385,,,,,,College
10840,Iowa,,Drake,160,,,,NCAA 1,Missouri Valley,College
11612,New Jersey,,Drew,936,,,,NCAA 3,Landmark,College
10957,Pennsylvania,,Drexel,277,,,,NCAA 1,Colonial,College
11249,Missouri,,Drury,571,,,,NCAA 2,Great Lakes Valley,College
11548,Iowa,,Dubuque,872,,,,NCAA 3,American Rivers,College
10743,North Carolina,,Duke,62,,,,NCAA 1,ACC,College
10807,Pennsylvania,,Duquesne,127,,,,NCAA 1,Atlantic 10,College
11449,Connecticut,,E Connecticut,773,,,,NCAA 3,Little East,College
11049,Illinois,,E Illinois,370,,,,NCAA 1,Ohio Valley,College
10921,Kentucky,,E Kentucky,241,,,,NCAA 1,Atlantic Sun,College
10987,Virginia,,E Mennonite,307,,,,NCAA 3,Old Dominion,College
10907,Michigan,,E Michigan,227,,,,NCAA 1,MAC,College
11832,Massachusetts,,E Nazarene,1158,,,,,New England Collegiate,College
11159,New Jersey,,E New Mexico,481,,,,NCAA 2,Lone Star,College
11109,Pennsylvania,,E Stroudsburg,431,,,,NCAA 2,Penn St,College
11465,Texas,,E Texas Bap,789,,,,NCAA 3,American SW,College
10944,Washington,,E Washington,264,,,,NCAA 1,Big Sky,College
10916,Tennessee,,ETSU,236,,,,NCAA 1,Southern,College
11959,Indiana,,Earlham,1285,,,,NCAA 3,Heartland,College
10776,North Carolina,,East Carolina,96,,,,NCAA 1,American Athletic,College
11171,Oklahoma,,East Central OK,493,,,,NCAA 2,Great American,College
10937,Texas,,East Texas A&M,1538,,,,NCAA 1,Southland,College
11964,Illinois,,East-West,1290,,,,,,College
10993,Oklahoma,,Eastern Oregon,313,,,,NAIA,Cascade,College
11748,Pennsylvania,,Eastern Univ,1074,,,,NCAA 3,Middle Atlantic,College
12010,Arkansas,,Ecclesia,1336,,,,,,College
10973,Florida,,Eckerd,293,,,,NCAA 2,Sunshine State,College
11640,Wisconsin,,Edgewood,964,,,,NCAA 3,Northern Atlantic,College
11120,Pennsylvania,,Edinboro,442,,,,NCAA 2,Penn St,College
11380,Florida,,Edward Waters,702,,,,NCAA 2,Southern IAC,College
11338,North Carolina,,Eliz. City St,660,,,,NCAA 2,Central,College
11613,Ohio,,Elizabethtown,937,,,,NCAA 3,Landmark,College
11412,Illinois,,Elmhurst,735,,,,NCAA 3,Illinois-Wisconsin,College
11717,New York,,Elmira,1043,,,,NCAA 3,Empire 8,College
11405,Massachusetts,,Elms,727,,,,NCAA 3,Great Northeast,College
10964,North Carolina,,Elon,284,,,,NCAA 1,Colonial,College
11841,Arizona,,Embry-Riddle AZ,1167,,,,NAIA,California Pacific,College
10967,Florida,,Embry-Riddle FL,287,,,,NCAA 2,Sunshine State,College
11515,Massachusetts,,Emerson,839,,,,NCAA 3,New England,College
11296,Georgia,,Emmanuel GA,618,,,,NCAA 2,Carolinas,College
11396,Massachusetts,,Emmanuel MA,718,,,,NCAA 3,Great Northeast,College
12038,Iowa,,Emmaus Bib,1364,,,,,,College
11458,Georgia,,Emory,782,,,,NCAA 3,Univeristy,College
11235,Virginia,,Emory & Henry,557,,,,NCAA 2,South Atlantic,College
11083,Kansas,,Emporia St,405,,,,NCAA 2,Mid-America,College
11523,Massachusetts,,Endicott,847,,,,NCAA 3,Commonwealth Coast,College
11307,South Carolina,,Erskine,629,,,,NCAA 2,Carolinas,College
11892,Illinois,,Eureka,1218,,,,NCAA 3,St Louis,College
11618,Missouri,,Evangel,942,,,,NAIA,Heart of America,College
10851,Indiana,,Evansville,171,,,,NCAA 1,Missouri Valley,College
11001,Washington,,Evergreen St,321,,,,NAIA,Cascade,College
10826,New Jersey,,F Dickinson,146,,,,NCAA 1,Northeast,College
11762,New Jersey,,FDU Madison,1088,,,,NCAA 3,Middle Atlantic,College
10923,Florida,,FGCU,243,,,,NCAA 1,Atlantic Sun,College
10790,Florida,,FL Atlantic,110,,,,NCAA 1,Conference USA,College
11864,Florida,,FL Memorial,1190,,,,NAIA,The Sun,College
10976,Florida,,FL Southern,296,,,,NCAA 2,Sunshine State,College
12083,Minnesota,,FLBC,1408,,,,,,College
11008,Connecticut,,Fairfield,328,,,,NCAA 1,Metro Atalantic,College
11096,West Virginia,,Fairmont St,418,,,,NCAA 2,Mountain East,College
12036,Iowa,,Faith Bap,1362,,,,,,College
11808,New York,,Farmingdale,1134,,,,NCAA 3,Skyline,College
11773,Alabama,,Faulkner,1099,,,,NAIA,Southern States,College
11334,North Carolina,,Fayetteville St,656,,,,NCAA 2,Central,College
11367,New Jersey,,Felician,689,,,,NCAA 2,Central Atlantic,College
11308,Michigan,,Ferris St,630,,,,NCAA 2,Great Lakes,College
10985,Virginia,,Ferrum,305,,,,NCAA 3,Old Dominion,College
11288,Ohio,,Findlay,610,,,,NCAA 2,Great Midwest,College
11213,Michigan,,Finlandia,535,,,,,Coast-to-Coast,College
11884,Massachusetts,,Fisher,1210,,,,NAIA,Continental,College
11668,Tennessee,,Fisk,993,,,,NAIA,Gulf Coast,College
11949,Massachusetts,,Fitchburg St,1275,,,,NCAA 3,Massachusetts,College
12108,New York,,Five Towns,1433,,,,,,College
11256,District of Columbia,,Flagler,578,,,,NCAA 2,Peach Belt,College
10726,Florida,,Florida,45,,,,NCAA 1,SEC,College
10884,Florida,,Florida A&M,204,,,,NCAA 1,SWAC,College
11874,Florida,,Florida Col,1200,,,,,,College
10799,Florida,,Florida Intl,119,,,,NCAA 1,Conference USA,College
11880,Florida,,Florida National,1206,,,,NAIA,Continental,College
10756,Florida,,Florida St,76,,,,NCAA 1,ACC,College
10968,Florida,,Florida Tech,288,,,,NCAA 2,Sunshine State,College
11889,Missouri,,Fontbonne,1215,,,,,St Louis,College
10804,New York,,Fordham,124,,,,NCAA 1,Atlantic 10,College
11084,Iowa,,Fort Hays St,406,,,,NCAA 2,Mid-America,College
11376,Florida,,Fort Valley St,698,,,,NCAA 2,Southern IAC,College
11951,Massachusetts,,Framingham St,1277,,,,NCAA 3,Massachusetts,College
11300,South Carolina,,Francis Marion,622,,,,NCAA 2,Carolinas,College
11855,Ohio,,Franciscan OH,1181,,,,NCAA 3,Presidents,College
11424,Pennsylvania,,Frank & Marsh,747,,,,NCAA 3,Cascade,College
11957,Indiana,,Franklin,1283,,,,NCAA 3,Heartland,College
11275,New Hampshire,,Franklin Pierce,597,,,,NCAA 2,Northeast-10,College
12122,Maryland,,Frederick CC,1448,,,,,,College
11597,Tennessee,,Freed-Hardeman,921,,,,NAIA,Mid-South,College
11187,California,,Fresno Pacific,509,,,,NCAA 2,Pacific West,College
10766,California,,Fresno St,86,,,,NCAA 1,Mountain West,College
11732,Kansas,,Friends,1058,,,,NAIA,Kansas,College
11105,Maryland,,Frostburg St,427,,,,NCAA 2,Mountain East,College
11962,Florida,,Ft Lauderdale,1288,,,,,,College
11126,Colorado,,Ft Lewis,448,,,,NCAA 2,RMAC,College
10909,South Carolina,,Furman,229,,,,NCAA 1,Southern,College
10813,District of Columbia,,G Washington,133,,,,NCAA 1,Atlantic 10,College
12220,Georgia,,GA Gwinnett,1555,,,,NAIA,NAIA Independent,College
10861,Georgia,,Ga Southern,181,,,,NCAA 1,Sun Belt,College
11800,District of Columbia,,Gallaudet,1126,,,,NCAA 3,United East,College
11121,Oregon,,Gannon,443,,,,NCAA 2,Penn St,College
11033,North Carolina,,Gardner Webb,354,,,,NCAA 1,Big South,College
11434,New York,,Geneseo St,758,,,,NCAA 3,SUNY,College
11848,Pennsylvania,,Geneva,1174,,,,NCAA 3,Presidents,College
11660,Oregon,,George Fox,985,,,,NCAA 3,Northwest,College
10805,Virginia,,George Mason,125,,,,NCAA 1,Atlantic 10,College
10716,District of Columbia,,Georgetown,35,,,,NCAA 1,Big East,College
11596,Kentucky,,Georgetown KY,920,,,,NAIA,Mid-South,College
10729,Georgia,,Georgia,48,,,,NCAA 1,SEC,College
11258,Georgia,,Georgia C&S,580,,,,NCAA 2,Peach Belt,College
11257,Georgia,,Georgia SW,579,,,,NCAA 2,Peach Belt,College
10863,Georgia,,Georgia St,183,,,,NCAA 1,Sun Belt,College
10754,Georgia,,Georgia Tech,74,,,,NCAA 1,ACC,College
11363,New Jersey,,Georgian Court,685,,,,NCAA 2,Central Atlantic,College
11422,Pennsylvania,,Gettysburg,745,,,,NCAA 3,Centennial,College
11101,West Virginia,,Glenville St,423,,,,NCAA 2,Mountain East,College
12132,Michigan,,Gogebic CC,1458,,,,,,College
11365,Delaware,,Goldey Beacom,687,,,,NCAA 2,Central Atlantic,College
10780,Washington,,Gonzaga,100,,,,NCAA 1,West Coast,College
11528,Massachusetts,,Gordon,852,,,,NCAA 3,Commonwealth Coast,College
11223,Indiana,,Goshen,545,,,,NAIA,Crossroads,College
11615,Maryland,,Goucher,939,,,,NCAA 3,Landmark,College
11906,Illinois,,Governors St,1232,,,,NAIA,Chicagoland,College
12013,Michigan,,Grace Chr,1339,,,,,,College
11214,Indiana,,Grace IN,536,,,,NAIA,Crossroads,College
11622,Iowa,,Graceland,946,,,,NAIA,Heart of America,College
10874,Louisiana,,Grambling,194,,,,NCAA 1,SWAC,College
10829,Arizona,,Grand Canyon,149,,,,NCAA 1,Western Athletic,College
11311,Michigan,,Grand Valley St,633,,,,NCAA 2,Great Lakes,College
11626,Iowa,,Grand View,950,,,,NAIA,Heart of America,College
12096,New Hampshire,,Great Bay CC,1421,,,,Other,Other,College
12007,Michigan,,Great Lakes Chr,1333,,,,,,College
11692,North Carolina,,Greensboro,1018,,,,NCAA 3,USA South,College
11896,Illinois,,Greenville,1222,,,,NCAA 3,St Louis,College
11563,Iowa,,Grinnell,887,,,,NCAA 3,Midwest,College
11853,Pennsylvania,,Grove City,1179,,,,NCAA 3,Presidents,College
10978,North Carolina,,Guilford,298,,,,NCAA 3,Old Dominion,College
11500,Minnesota,,Gust Adolphus,824,,,,NCAA 3,Minnesota,College
11803,Pennsylvania,,Gwynedd-Mercy,1129,,,,NCAA 3,Atlantic East,College
11477,New York,,Hamilton,801,,,,NCAA 3,NESCAC,College
11497,Minnesota,,Hamline,821,,,,NCAA 3,Minnesota,College
10965,Vermont,,Hampton,285,,,,NCAA 1,Colonial,College
11985,Missouri,,Hannibal-Lagr,1311,,,,NAIA,American MW,College
11952,Indiana,,Hanover,1278,,,,NCAA 3,Heartland,College
12191,Pennsylvania,,Harcum Col,1519,,,,,,College
11467,Texas,,Hardin-Simmons,791,,,,NCAA 3,American SW,College
11179,Arkansas,,Harding,501,,,,NCAA 2,Great American,College
11983,Missouri,,Harris-Stowe,1309,,,,NAIA,American MW,College
10817,Connecticut,,Hartford,137,,,,NCAA 3,Commonwealth Coast,College
11715,New York,,Hartwick,1041,,,,NCAA 3,Empire 8,College
10871,Massachusetts,,Harvard,191,,,,NCAA 1,Ivy,College
11881,Kansas,,Haskell,1207,,,,NAIA,Continental,College
11651,Nebraska,,Hastings,976,,,,NAIA,Great Plains,College
11425,Pennsylvania,,Haverford,748,,,,NCAA 3,Centennial,College
10890,Hawaii,,Hawaii,210,,,,NCAA 1,Big West,College
11184,Hawaii,,Hawaii Hilo,506,,,,NCAA 2,Pacific West,College
11188,Hawaii,,Hawaii Pacific,510,,,,NCAA 2,Pacific West,College
11262,Ohio,,Heidelberg,584,,,,NCAA 3,Ohio,College
11172,Arkansas,,Henderson St,494,,,,NCAA 2,Great American,College
11546,Arkansas,,Hendrix,870,,,,NCAA 3,Southern Athletic,College
12222,Kansas,,Hesston,1557,,,,NAIA,NAIA Independent,College
11037,North Carolina,,High Point,358,,,,NCAA 1,Big South,College
11788,New York,,Hilbert,1114,,,,NCAA 3,Allegheny Mountain,College
11283,Michigan,,Hillsdale,605,,,,NCAA 2,Great Midwest,College
11538,Ohio,,Hiram,862,,,,NCAA 3,North Coast Atlantic,College
11765,New York,,Hobart & Smith,1091,,,,NCAA 3,Liberty League,College
12211,Ohio,,Hocking,1545,,,,,,College
10954,New York,,Hofstra,274,,,,NCAA 1,Colonial,College
12140,Virginia,,Hollins,1466,,,,NCAA 3,Old Dominion,College
11060,Massachusetts,,Holy Cross,381,,,,NCAA 1,Patriot,College
11904,Indiana,,Holy Cross IN,1230,,,,NAIA,Chicagoland,College
11366,Pennsylvania,,Holy Family,688,,,,NCAA 2,Central,College
11189,California,,Holy Names,511,,,,,Pacific West,College
12227,Maryland,,Holyoke CC,1564,,,,,,College
11749,Maryland,,Hood,1075,,,,NCAA 3,Middle Atlantic,College
11487,Michigan,,Hope,811,,,,NCAA 3,Michigan,College
11569,California,,Hope Intl,893,,,,NAIA,Golden State,College
11718,New York,,Houghton,1044,,,,NCAA 3,Empire 8,College
10769,Texas,,Houston,89,,,,NCAA 1,American Athletic,College
10942,Texas,,Houston Chr,262,,,,NCAA 1,Southland,College
11014,District of Columbia,,Howard,334,,,,NCAA 1,MEAC,College
11473,Texas,,Howard Payne,797,,,,NCAA 3,American SW,College
11146,California,,Humboldt St,468,,,,NCAA 2,California,College
11870,New York,,Hunter,1196,,,,NCAA 3,City Univ of NY,College
11709,Alabama,,Huntingdon,1035,,,,NCAA 3,Conference of the South,College
11216,Indiana,,Huntington,538,,,,NAIA,Crossroads,College
11936,Maine,,Husson,1262,,,,NCAA 3,North Atlantic,College
11829,Texas,,Huston-Tillot,1155,,,,NAIA,Red River,College
10849,Illinois,,IL Chicago,169,,,,NCAA 1,Missouri Valley,College
11241,Illinois,,IL Springfield,563,,,,NCAA 2,Great Lakes Valley,College
11636,Illinois,,IL Tech,960,,,,NCAA 3,Northern Atlantic,College
11415,Illinois,,IL Wesleyan,738,,,,NCAA 3,Illinois-Wisconsin,College
11900,Indiana,,IN S Bend,1226,,,,NAIA,Chicagoland,College
11922,Indiana,,IN Southeast,1248,,,,NAIA,River States,College
11215,Indiana,,IN Wesleyan,537,,,,NAIA,Crossroads,College
12221,Indiana,,IU Columbus,1556,,,,NAIA,NAIA Independent,College
11921,Indiana,,IU Kokomo,1247,,,,NAIA,River States,College
12204,Indiana,,IUPUC,1533,,,,,,College
11071,Indiana,,IUPUI,392,,,,NCAA 1,Horizon,College
10951,Idaho,,Idaho,271,,,,NCAA 1,Big Sky,College
10952,Idaho,,Idaho St,272,,,,NCAA 1,Big Sky,College
10697,Illinois,,Illinois,16,,,,NCAA 1,Big 10,College
11557,Illinois,,Illinois Col,881,,,,NCAA 3,Midwest,College
10848,Illinois,,Illinois St,168,,,,NCAA 1,Missouri Valley,College
11805,Pennsylvania,,Immaculata,1131,,,,NCAA 3,Atlantic East,College
10940,Texas,,Incarnate Word,260,,,,NCAA 1,Southland,College
10694,Indiana,,Indiana,13,,,,NCAA 1,Big 10,College
11903,Indiana,,Indiana NW,1229,,,,NAIA,Chicagoland,College
11107,Oregon,,Indiana PA,429,,,,NCAA 2,Penn St,College
10844,Indiana,,Indiana St,164,,,,NCAA 1,Missouri Valley,College
11576,Indiana,,Indiana Tech,900,,,,NAIA,Wolverine-Hoosier,College
11924,Indiana,,Indiana-East,1250,,,,NAIA,River States,College
11237,Indiana,,Indianapolis,559,,,,NCAA 2,Great Lakes Valley,College
12166,Puerto Rico,,Interamerican PR,1493,,,,,,College
11002,Connecticut,,Iona,322,,,,NCAA 1,Metro Atalantic,College
10705,Iowa,,Iowa,24,,,,NCAA 1,Big 10,College
10687,Iowa,,Iowa St,6,,,,NCAA 1,Big 12,College
11875,Iowa,,Iowa Wesleyan,1201,,,,,,College
11763,New York,,Ithaca,1089,,,,NCAA 3,Liberty League,College
12068,North Carolina,,J&W NC,1393,,,,NCAA 3,Coast-to-Coast,College
11397,Rhode Island,,J&W RI,719,,,,NCAA 3,Great Northeast,College
11340,North Carolina,,JC Smith,662,,,,NCAA 2,Central,College
10876,Mississippi,,Jackson St,196,,,,NCAA 1,SWAC,College
10927,Florida,,Jacksonville,247,,,,NCAA 1,Atlantic Sun,College
10928,Alabama,,Jacksonville St,248,,,,NCAA 1,Atlantic Sun,College
10855,Virginia,,James Madison,175,,,,NCAA 1,Sun Belt,College
11643,North Dakota,,Jamestown,967,,,,NCAA 2,Northern Sun,College
11828,Texas,,Jarvis Chr,1154,,,,NAIA,Red River,College
11741,Arkansas,,John Brown,1067,,,,NAIA,Sooner,College
11261,Ohio,,John Carroll,583,,,,NCAA 3,Ohio,College
11871,New York,,John Jay,1197,,,,NCAA 3,City Univ of NY,College
11999,Louisiana,,John Melvin,1325,,,,Other,Other,College
11420,Maryland,,Johns Hopkins,752,,,,NCAA 3,Centennial,College
12018,Florida,,Johnson FL,1344,,,,,,College
11975,Tennessee,,Johnson TN,1301,,,,NAIA,Appalachian,College
11910,Illinois,,Judson IL,1236,,,,NAIA,Chicagoland,College
11611,Pennsylvania,,Juniata,935,,,,NCAA 3,Landmark,College
12189,Arizona,,Justice,1516,,,,,,College
11722,Kansas,,KS Wesleyan,1048,,,,NAIA,Kansas,College
11290,Kentucky,,KY Wesleyan,729,,,,NCAA 2,Great Midwest,College
11492,Michigan,,Kalamazoo,816,,,,NCAA 3,Michigan,College
10682,Kansas,,Kansas,1,,,,NCAA 1,Big 12,College
12016,Kansas,,Kansas Chr,1342,,,,,,College
10685,Kansas,,Kansas St,4,,,,NCAA 1,Big 12,College
11674,New Jersey,,Kean,999,,,,NCAA 3,New Jersey,College
11447,New Hampshire,,Keene St,771,,,,NCAA 3,Little East,College
11860,Florida,,Keiser,1186,,,,NAIA,The Sun,College
10920,Georgia,,Kennesaw,240,,,,NCAA 1,Atlantic Sun,College
10897,Ohio,,Kent,217,,,,NCAA 1,MAC,College
12085,Ohio,,Kent-Tusc,1410,,,,,Other,College
10721,Kentucky,,Kentucky,40,,,,NCAA 1,SEC,College
11976,Kentucky,,Kentucky Chr,1302,,,,NAIA,Appalachian,College
11375,Kentucky,,Kentucky St,697,,,,NCAA 2,Southern IAC,College
11539,Ohio,,Kenyon,863,,,,NCAA 3,North Coast Atlantic,College
11716,New York,,Keuka,1042,,,,NCAA 3,Empire 8,College
12128,Alberta,,Keyano,1454,,,,,,College
11915,Pennsylvania,,Keystone,1241,,,,NCAA 3,Colonial States,College
11304,Tennessee,,King,626,,,,NCAA 2,Carolinas,College
12054,Alberta,,King's AB,1380,,,,,,College
12082,New York,,King's NY,1407,,,,Other,Other,College
11761,Pennsylvania,,King's PA,1087,,,,NCAA 3,Middle Atlantic,College
11564,Illinois,,Knox,888,,,,NCAA 3,Midwest,College
11119,Pennsylvania,,Kutztown,441,,,,NCAA 2,Penn St,College
12188,Michigan,,Kuyper,1515,,,,,,College
10824,New York,,LIU Brooklyn,144,,,,NCAA 1,Northeast,College
10727,Louisiana,,LSU,46,,,,NCAA 1,SEC,College
11821,Louisiana,,LSU Shreveport,1147,,,,NAIA,Red River,College
11823,Louisiana,,LSU-Alexandria,1149,,,,NAIA,Red River,College
12175,Louisiana,,LSU-Eunice,1502,,,,,,College
11784,Pennsylvania,,La Roche,1110,,,,NCAA 3,Allegheny Mountain,College
10812,Pennsylvania,,La Salle,132,,,,NCAA 1,Atlantic 10,College
11842,California,,La Sierra,1168,,,,NAIA,California Pacific,College
11595,California,,La Verne,919,,,,NCAA 3,Southern Cal,College
11704,Georgia,,LaGrange,1030,,,,NCAA 3,Conference of the South,College
11057,Pennsylvania,,Lafayette,378,,,,NCAA 1,Patriot,College
11289,Ohio,,Lake Erie,611,,,,NCAA 2,Great Midwest,College
11560,Illinois,,Lake Forest,884,,,,NCAA 3,Midwest,College
12208,Michigan,,Lake Michigan,1543,,,,,,College
11312,Michigan,,Lake Superior,634,,,,NCAA 2,Great Lakes,College
11641,Wisconsin,,Lakeland,965,,,,NCAA 3,Northern Atlantic,College
12171,Alberta,,Lakeland AB,1498,,,,,,College
10941,Texas,,Lamar,261,,,,NCAA 1,Southland,College
12210,Colorado,,Lamar CC,1544,,,,,,College
12053,Ontario,,Lambton,1379,,,,,,College
11792,Pennsylvania,,Lancaster Bib,1118,,,,NCAA 3,United East,College
11253,South Carolina,,Lander,575,,,,NCAA 2,Peach Belt,College
11374,Tennessee,,Lane,696,,,,NCAA 2,Southern IAC,College
12124,British Columbia,,Langara,1450,,,,,,College
11733,Oklahoma,,Langston,1059,,,,NAIA,Sooner,College
11398,Massachusetts,,Lasell,720,,,,NCAA 3,Great Northeast,College
11562,West Virginia,,Lawrence,886,,,,NCAA 3,Midwest,College
11582,Michigan,,Lawrence Tech,906,,,,NAIA,Wolverine-Hoosier,College
11277,New York,,Le Moyne,599,,,,NCAA 1,Northeast,College
11468,Texas,,Le Tourneau,792,,,,NCAA 3,American SW,College
11372,South Dakota,,LeMoyne-Owen,694,,,,NCAA 2,Southern IAC,College
11757,Pennsylvania,,Lebanon Val,1083,,,,NCAA 3,Middle Atlantic,College
11321,Tennessee,,Lee TN,643,,,,NCAA 2,Gulf South,College
11303,North Carolina,,Lees-McRae,625,,,,NCAA 2,Carolinas,College
11056,Pennsylvania,,Lehigh,377,,,,NCAA 1,Patriot,College
12048,Pennsylvania,,Lehigh Carbon,1374,,,,,,College
11867,New York,,Lehman,1193,,,,NCAA 3,City Univ of NY,College
11231,North Carolina,,Lenoir-Rhyne,553,,,,NCAA 2,South Atlantic,College
11834,Massachusetts,,Lesley,1160,,,,NCAA 3,New England Collegiate,College
12212,Alberta,,Lethbridge Col,1546,,,,,,College
11248,Illinois,,Lewis,570,,,,NCAA 2,Great Lakes Valley,College
11661,Oregon,,Lewis & Clark,986,,,,NCAA 3,Northwest,College
10996,Idaho,,Lewis-Clark ID,316,,,,NAIA,Cascade,College
10919,Virginia,,Liberty,239,,,,NCAA 1,Atlantic Sun,College
11775,Georgia,,Life,1101,,,,NAIA,Southern States,College
11575,California,,Life Pacific,899,,,,NAIA,Golden State,College
11232,South Carolina,,Limestone,554,,,,,,College
11995,California,,Lincoln CA,1321,,,,,,College
11086,Missouri,,Lincoln MO,408,,,,NCAA 2,Mid-America,College
11224,Tennessee,,Lincoln Mem,546,,,,NCAA 2,South Atlantic,College
11336,Oregon,,Lincoln PA,658,,,,NCAA 2,Central,College
11042,Missouri,,Lindenwood,363,,,,NCAA 1,Ohio Valley,College
11606,Kentucky,,Lindsey Wilson,930,,,,NAIA,Mid-South,College
11658,Oregon,,Linfield,983,,,,NCAA 3,Northwest,College
10922,Tennessee,,Lipscomb,242,,,,NCAA 1,Atlantic Sun,College
11339,North Carolina,,Livingstone,661,,,,NCAA 2,Central,College
11116,Pennsylvania,,Lock Haven,438,,,,NCAA 2,Penn St,College
10892,California,,Long Beach St,212,,,,NCAA 1,Big West,College
11032,Virginia,,Longwood,353,,,,NCAA 1,Big South,College
11552,Iowa,,Loras,876,,,,NCAA 3,American Rivers,College
10852,Louisiana,,Louisiana,172,,,,NCAA 1,Sun Belt,College
11825,Louisiana,,Louisiana Chr,1151,,,,NAIA,Red River,College
10796,Louisiana,,Louisiana Tech,116,,,,NCAA 1,Conference USA,College
10757,Kentucky,,Louisville,77,,,,NCAA 1,ACC,College
11579,Ohio,,Lourdes,903,,,,NAIA,Wolverine-Hoosier,College
10785,California,,Loy Marymount,105,,,,NCAA 1,West Coast,College
11059,Maryland,,Loyola MD,380,,,,NCAA 1,Patriot,College
11774,Louisiana,,Loyola NO,1100,,,,NAIA,Southern States,College
10814,Illinois,,Loyola-Chicago,134,,,,NCAA 1,Atlantic 10,College
11154,Tennessee,,Lubbock Chr,476,,,,NCAA 2,Lone Star,College
11556,Iowa,,Luther IA,880,,,,NCAA 3,American Rivers,College
11752,Pennsylvania,,Lycoming,1078,,,,NCAA 3,Middle Atlantic,College
10986,Vermont,,Lynchburg,306,,,,NCAA 3,Old Dominion,College
10974,Florida,,Lynn,294,,,,NCAA 2,Sunshine State,College
11984,Arkansas,,Lyon,1310,,,,NCAA 3,St Louis,College
11464,Texas,,M Hardin-Baylor,788,,,,NCAA 3,American SW,College
11450,Massachusetts,,MA Boston,774,,,,NCAA 3,Little East,College
11950,Massachusetts,,MA Col Lib Arts,1276,,,,NCAA 3,NCAA 3 Independent,College
11451,Massachusetts,,MA Dartmouth,775,,,,NCAA 3,Little East,College
11073,Massachusetts,,MA Lowell,395,,,,NCAA 1,America East,College
11016,Maryland,,MD E Shore,336,,,,NCAA 1,MEAC,College
12099,Maine,,ME Augusta,1424,,,,,,College
11933,Maine,,ME Farmington,1259,,,,NCAA 3,North Atlantic,College
12080,Maine,,ME Ft Kent,1405,,,,,,College
11942,Maine,,ME Maritime,1268,,,,NCAA 3,North Atlantic,College
11939,Maine,,ME Presque Isle,1265,,,,NCAA 3,North Atlantic,College
11586,Michigan,,MI Dearborn,910,,,,NAIA,Wolverine-Hoosier,College
11519,Massachusetts,,MIT,843,,,,NCAA 3,New England,College
11206,Minnesota,,MN Crookston,528,,,,NCAA 2,Northern Sun,College
11193,Minnesota,,MN Duluth,515,,,,NCAA 2,Northern Sun,College
11196,Minnesota,,MN Mankato,518,,,,NCAA 2,Northern Sun,College
11700,Minnesota,,MN Morris,1026,,,,NCAA 3,Upper Midwest,College
11980,Missouri,,MO Baptist,1306,,,,NAIA,American MW,College
11085,Missouri,,MO Southern,407,,,,NCAA 2,Mid-America,College
11238,Missouri,,MO St Louis,560,,,,NCAA 2,Great Lakes Valley,College
11089,Missouri,,MO Western,411,,,,NCAA 2,Mid-America,College
10885,Mississippi,,MS Valley St,205,,,,NCAA 1,SWAC,College
11894,Mississippi,,MS Women,1220,,,,NCAA 3,St Louis,College
11682,Montana,,MT St Northern,1007,,,,NAIA,Frontier,College
11385,Montana,,MT St-Billings,707,,,,NCAA 2,Great Northwest,College
11681,Montana,,MT Tech,1006,,,,NAIA,Frontier,College
11686,Montana,,MT Western,1011,,,,NAIA,Frontier,College
10793,Tennessee,,MTSU,113,,,,NCAA 1,Conference USA,College
11498,Minnesota,,Macalester,822,,,,NCAA 3,Minnesota,College
11577,Michigan,,Madonna,901,,,,NAIA,Wolverine-Hoosier,College
11078,Maine,,Maine,400,,,,NCAA 1,America East,College
11287,Ohio,,Malone,609,,,,NCAA 2,Great Midwest,College
11956,Indiana,,Manchester,1282,,,,NCAA 3,Heartland,College
11012,New York,,Manhattan,332,,,,NCAA 1,Metro Atalantic,College
12011,Iowa,,Manhattan Chr,1337,,,,,,College
11810,New York,,Manhattanville,1136,,,,NCAA 3,Skyline,College
12114,Pennsylvania,,Manor,1439,,,,,,College
11122,Oregon,,Mansfield,444,,,,NCAA 2,Penn St,College
11409,Wisconsin,,Maranatha Bap,732,,,,NCAA 3,NCAA 3 Independent,College
11217,Indiana,,Marian IN,539,,,,NAIA,Crossroads,College
11633,Wisconsin,,Marian WI,957,,,,NCAA 3,Northern Atlantic,College
11263,Ohio,,Marietta,585,,,,NCAA 3,Ohio,College
11009,New York,,Marist,329,,,,NCAA 1,Metro Atalantic,College
10707,Wisconsin,,Marquette,26,,,,NCAA 1,Big East,College
11236,North Carolina,,Mars Hill,558,,,,NCAA 2,South Atlantic,College
10853,West Virginia,,Marshall,173,,,,NCAA 1,Sun Belt,College
11702,Minnesota,,Martin Luther,1028,,,,NCAA 3,Upper Midwest,College
11689,Virginia,,Mary Baldwin,1015,,,,NCAA 3,USA South,College
11204,North Dakota,,Mary ND,526,,,,NCAA 2,Northern Sun,College
11208,Virginia,,Mary Washington,530,,,,NCAA 3,Coast-to-Coast,College
10696,Maryland,,Maryland,15,,,,NCAA 1,Big 10,College
11802,Virginia,,Marymount VA,1128,,,,NCAA 3,Atlantic East,College
11245,Missouri,,Maryville MO,567,,,,NCAA 2,Great Lakes Valley,College
11703,Tennessee,,Maryville TN,1029,,,,NCAA 3,Conference of the South,College
11806,Pennsylvania,,Marywood,1132,,,,NCAA 3,Atlantic East,College
10811,Massachusetts,,Massachusetts,131,,,,NCAA 1,Atlantic 10,College
11987,North Dakota,,Mayville St,1313,,,,NAIA,North Star,College
11427,Maryland,,McDaniel,750,,,,NCAA 3,Centennial,College
11239,Illinois,,McKendree,561,,,,NCAA 2,Great Lakes Valley,College
11471,Texas,,McMurry,795,,,,NCAA 3,American SW,College
10939,Louisiana,,McNeese St,259,,,,NCAA 1,Southland,College
11727,Kansas,,McPherson,1053,,,,NAIA,Kansas,College
11714,New York,,Medaille,1040,,,,,,College
11873,New York,,Medgar Evers,1199,,,,NCAA 3,City Univ of NY,College
10770,Tennessee,,Memphis,90,,,,NCAA 1,American Athletic,College
11572,California,,Menlo,896,,,,NCAA 2,Pacific West,College
10915,Georgia,,Mercer,235,,,,NCAA 1,Southern,College
11811,New York,,Merchant Marine,1137,,,,NCAA 3,Skyline,College
11350,New York,,Mercy,672,,,,NCAA 2,East Coast,College
11108,Pennsylvania,,Mercyhurst,430,,,,NCAA 1,Penn St,College
12144,North Carolina,,Meredith,1470,,,,NCAA 3,USA South,College
10825,Massachusetts,,Merrimack,145,,,,NCAA 1,Northeast,College
11758,Pennsylvania,,Messiah,1084,,,,NCAA 3,Middle Atlantic,College
11694,North Carolina,,Methodist,1020,,,,NCAA 3,USA South,College
11131,Colorado,,Metro St,453,,,,NCAA 2,RMAC,College
12064,Ohio,,Mia-Middletown,1389,,,,,,College
10744,Florida,,Miami FL,63,,,,NCAA 1,ACC,College
10904,Ohio,,Miami OH,224,,,,NCAA 1,MAC,College
12073,Ohio,,Miami-Hamilton,1398,,,,,,College
10701,Michigan,,Michigan,20,,,,NCAA 1,Big 10,College
10693,Michigan,,Michigan St,12,,,,NCAA 1,Big 10,College
11314,Michigan,,Michigan Tech,636,,,,NCAA 2,Great Lakes,College
11620,Kansas,,Mid Am Nazarene,944,,,,NAIA,Heart of America,College
11781,Georgia,,Mid Georgia,1107,,,,NCAA 2,Southern States,College
11740,Oklahoma,,Mid-Am Chr,1066,,,,NAIA,Sooner,College
12055,North Carolina,,Mid-Atlantic Chr,1381,,,,,,College
11475,Vermont,,Middlebury,799,,,,NCAA 3,NESCAC,College
11653,Nebraska,,Midland NE,978,,,,NAIA,Great Plains,College
11926,Kentucky,,Midway,1252,,,,NAIA,River States,College
11162,Texas,,Midwest TX St,484,,,,NCAA 2,Lone Star,College
11368,Alabama,,Miles,690,,,,NCAA 2,Southern IAC,College
11114,Pennsylvania,,Millersville,436,,,,NCAA 2,Penn St,College
11973,Tennessee,,Milligan,1299,,,,NAIA,Appalachian,College
11416,Illinois,,Millikin,1440,,,,NCAA 3,Illinois-Wisconsin,College
11547,Mississippi,,Millsaps,871,,,,NCAA 3,Southern Athletic,College
11639,Wisconsin,,Milwaukee Eng,963,,,,NCAA 3,Northern Atlantic,College
10704,Minnesota,,Minnesota,23,,,,NCAA 1,Big 10,College
11202,North Dakota,,Minot St,524,,,,NCAA 2,Northern Sun,College
11759,Pennsylvania,,Misericordia,1085,,,,NCAA 3,Middle Atlantic,College
12006,Missouri,,Mission,1529,,,,NAIA,NAIA Independent,College
10728,Mississippi,,Mississippi,47,,,,NCAA 1,SEC,College
11325,Mississippi,,Mississippi Col,647,,,,NCAA 2,Gulf South,College
10724,Mississippi,,Mississippi St,43,,,,NCAA 1,SEC,College
10723,Missouri,,Missouri,42,,,,NCAA 1,SEC,College
11029,Missouri,,Missouri KC,350,,,,NCAA 1,Summit,College
11247,Missouri,,Missouri S&T,569,,,,NCAA 2,Great Lakes Valley,College
10845,Missouri,,Missouri St,165,,,,NCAA 1,Missouri Valley,College
11625,Missouri,,Missouri Val,949,,,,NAIA,Heart of America,College
11831,Connecticut,,Mitchell,1157,,,,NCAA 3,New England Collegiate,College
11776,Alabama,,Mobile,1102,,,,NAIA,Southern States,College
11346,New York,,Molloy,668,,,,NCAA 2,East Coast,College
11561,Illinois,,Monmouth IL,885,,,,NCAA 3,Midwest,College
10963,New Jersey,,Monmouth NJ,283,,,,NCAA 1,Colonial,College
10946,Montana,,Montana,266,,,,NCAA 1,Big Sky,College
10943,Montana,,Montana St,263,,,,NCAA 1,Big Sky,College
11673,New Jersey,,Montclair St,998,,,,NCAA 3,New Jersey,College
11327,Alabama,,Montevallo,649,,,,NCAA 2,Gulf South,College
11967,North Carolina,,Montreat,1293,,,,NAIA,Appalachian,College
12044,Illinois,,Moody Bib,1370,,,,Other,Other,College
11192,Minnesota,,Moorhead St,514,,,,NCAA 2,Northern Sun,College
11614,Pennsylvania,,Moravian,938,,,,NCAA 3,Landmark,College
11041,Kentucky,,Morehead St,362,,,,NCAA 1,Ohio Valley,College
11017,Maryland,,Morgan St,337,,,,NCAA 1,MEAC,College
11644,Iowa,,Morningside,968,,,,NAIA,Great Plains,College
11887,South Carolina,,Morris SC,1213,,,,NAIA,Continental,College
11797,New York,,Morrisville St,1123,,,,NCAA 3,United East,College
12117,Virginia,,Mountain Gateway,1443,,,,,,College
11791,Pennsylvania,,Mt Aloysius,1117,,,,NCAA 3,Allegheny Mountain,College
12142,Massachusetts,,Mt Holyoke,1468,,,,NCAA 3,New England,College
11648,South Dakota,,Mt Marty,972,,,,NAIA,Great Plains,College
12141,Wisconsin,,Mt Mary,1467,,,,NAIA,Coast-to-Coast,College
11628,Iowa,,Mt Mercy,952,,,,NAIA,Heart of America,College
11302,North Carolina,,Mt Olive,624,,,,NCAA 2,Carolinas,College
11958,Ohio,,Mt St Joseph,1284,,,,NCAA 3,Heartland,College
11815,New York,,Mt St Mary NY,1141,,,,NCAA 3,Skyline,College
11010,Maryland,,Mt St Mary's,330,,,,NCAA 1,Metro Atalantic,College
11814,New York,,Mt St Vincent,1140,,,,NCAA 3,Skyline,College
11260,Ohio,,Mt Union,582,,,,NCAA 3,Ohio,College
11220,Ohio,,Mt Vernon Naz,542,,,,NAIA,Crossroads,College
11421,Pennsylvania,,Muhlenberg,744,,,,NCAA 3,Centennial,College
10998,Oregon,,Multnomah Bib,318,,,,,,College
10846,Kentucky,,Murray St,166,,,,NCAA 1,Missouri Valley,College
11269,Ohio,,Muskingum,591,,,,NCAA 3,Ohio,College
11413,Illinois,,N Central IL,736,,,,NCAA 3,Illinois-Wisconsin,College
11699,Minnesota,,N Central MN,1025,,,,NCAA 3,Upper Midwest,College
12168,Missouri,,N Central MO,1495,,,,,,College
10947,Colorado,,N Colorado,267,,,,NCAA 1,Big Sky,College
11023,North Dakota,,N Dakota St,344,,,,NCAA 1,Summit,College
11833,New Hampshire,,N England Col,1159,,,,NCAA 3,New England Collegiate,College
10903,Illinois,,N Illinois,223,,,,NCAA 1,MAC,College
11061,Kentucky,,N Kentucky,382,,,,NCAA 1,Horizon,College
11309,Michigan,,N Michigan,631,,,,NCAA 2,Great Lakes,College
11879,New Mexico,,N New Mexico,1205,,,,NAIA,Continental,College
12195,Canada,,NB-St John,1523,,,,,,College
10961,North Carolina,,NC A&T,281,,,,NCAA 1,Colonial,College
11015,North Carolina,,NC Central,335,,,,NCAA 1,MEAC,College
11295,North Carolina,,NC Pembroke,617,,,,NCAA 2,Carolinas,College
10747,North Carolina,,NC State,67,,,,NCAA 1,ACC,College
11687,North Carolina,,NC Wesleyan,1013,,,,NCAA 3,USA South,College
11094,Nebraska,,NE Kearney,416,,,,NCAA 2,Mid-America,College
11090,Oklahoma,,NE Oklahoma,412,,,,NCAA 2,Mid-America,College
11030,Nebraska,,NE Omaha,351,,,,NCAA 1,Summit,College
11551,Nebraska,,NE Wesleyan,875,,,,NCAA 3,American Rivers,College
12091,New Hampshire,,NH Tech,1416,,,,,,College
12120,North Dakota,,NHSC,1446,,,,Other,Other,College
11675,New Jersey,,NJ City,1000,,,,NCAA 3,New Jersey,College
11080,New Jersey,,NJIT,402,,,,NCAA 1,America East,College
11133,New Jersey,,NM Highlands,455,,,,NCAA 2,RMAC,College
11940,Vermont,,NVU-Johnson,1266,,,,NCAA 3,North Atlantic,College
11943,Vermont,,NVU-Lyndon,1269,,,,NCAA 3,North Atlantic,College
11081,Missouri,,NW Missouri,403,,,,NCAA 2,Mid-America,College
11387,Idaho,,NW Nazarene,709,,,,NCAA 2,Great Northwest,College
11176,Oklahoma,,NW Oklahoma St,498,,,,NCAA 2,Great American,College
11460,New York,,NYU,784,,,,NCAA 3,Univeristy,College
11997,New Mexico,,Navajo Tech,1323,,,,,,College
11052,Maryland,,Navy,373,,,,NCAA 1,Patriot,College
11711,New York,,Nazareth,1037,,,,NCAA 3,Empire 8,College
10703,Nebraska,,Nebraska,22,,,,NCAA 1,Big 10,College
12027,Arizona,,Nelson AIC,1536,,,,,,College
11735,Texas,,Nelson TX,1535,,,,NAIA,Sooner,College
11801,Pennsylvania,,Neumann,1127,,,,NCAA 3,Atlantic East,College
10761,Nevada,,Nevada,81,,,,NCAA 1,Mountain West,College
12187,Florida,,New College FL,1514,,,,NAIA,,College
11076,New Hampshire,,New Hampshire,398,,,,NCAA 1,America East,College
11272,Connecticut,,New Haven,594,,,,NCAA 1,Northeast,College
10762,New Jersey,,New Mexico,82,,,,NCAA 1,Mountain West,College
10834,New Mexico,,New Mexico St,154,,,,NCAA 1,Western Athletic,College
10938,Louisiana,,New Orleans,258,,,,NCAA 1,Southland,College
11226,South Carolina,,Newberry,548,,,,NCAA 2,South Atlantic,College
11093,Kansas,,Newman,415,,,,NCAA 2,Mid-America,College
11006,New York,,Niagara,326,,,,NCAA 1,Metro Atalantic,College
10936,Louisiana,,Nicholls St,256,,,,NCAA 1,Southland,College
11521,Massachusetts,,Nichols,845,,,,NCAA 3,Commonwealth Coast,College
12213,California,,Nobel,1547,,,,,,College
11013,Virginia,,Norfolk St,333,,,,NCAA 1,MEAC,College
10929,Alabama,,North Alabama,249,,,,NCAA 1,Atlantic Sun,College
11885,Texas,,North American,1211,,,,NAIA,Continental,College
10746,North Carolina,,North Carolina,65,,,,NCAA 1,ACC,College
11027,North Carolina,,North Dakota,348,,,,NCAA 1,Summit,College
10930,Florida,,North Florida,250,,,,NCAA 1,Atlantic Sun,College
11252,Georgia,,North Georgia,574,,,,NCAA 2,Peach Belt,College
11305,South Carolina,,North Greenville,627,,,,NCAA 2,California,College
11411,Illinois,,North Park,734,,,,NCAA 3,Illinois-Wisconsin,College
10791,Texas,,North Texas,111,,,,NCAA 1,Conference USA,College
10959,Massachusetts,,Northeastern,279,,,,NCAA 1,Colonial,College
10949,Arizona,,Northern Arizona,269,,,,NCAA 1,Big Sky,College
10847,Iowa,,Northern Iowa,167,,,,NCAA 1,Missouri Valley,College
11191,South Dakota,,Northern St SD,513,,,,NCAA 2,Northern Sun,College
11701,Wisconsin,,Northland,1027,,,,,,College
12062,Montana,,Northwest Indian,1,,,,,,College
10999,Washington,,Northwest WA,319,,,,NAIA,Cascade,College
10698,Illinois,,Northwestern,17,,,,NCAA 1,Big 10,College
11647,Iowa,,Northwestern IA,971,,,,NAIA,Great Plains,College
10934,Louisiana,,Northwestern LA,254,,,,NCAA 1,Southland,College
11697,Minnesota,,Northwestern MN,1023,,,,NCAA 3,Upper Midwest,College
11583,Ohio,,Northwestern OH,907,,,,NAIA,Wolverine-Hoosier,College
11293,Michigan,,Northwood MI,615,,,,NCAA 2,Great Midwest,College
11404,Vermont,,Norwich,726,,,,NCAA 3,Great Northeast,College
10755,Indiana,,Notre Dame,75,,,,NCAA 1,ACC,College
12158,Maryland,,Notre Dame MD,1485,,,,NCAA 3,Colonial States,College
11100,Ohio,,Notre Dame OH,422,,,,,Mountain East,College
10966,Florida,,Nova SE,286,,,,NCAA 2,Sunshine State,College
11292,Ohio,,OH Dominican,614,,,,NCAA 2,Great Midwest,College
12001,Ohio,,OH Lancaster,1327,,,,Other,Other,College
11173,Oklahoma,,OK Baptist,495,,,,NCAA 2,Great American,College
11737,Oklahoma,,OK City,1063,,,,NAIA,Sooner,College
11720,Oklahoma,,OK Wesleyan,1046,,,,NAIA,Kansas,College
12035,Minnesota,,Oak Hills Chr,1361,,,,,,College
11068,Michigan,,Oakland,389,,,,NCAA 1,Horizon,College
11930,Indiana,,Oakland City,1256,,,,NAIA,River States,College
11669,Alabama,,Oakwood,994,,,,NAIA,Gulf Coast,College
11537,Ohio,,Oberlin,861,,,,NCAA 3,North Coast Atlantic,College
11592,California,,Occidental,916,,,,NCAA 3,Southern Cal,College
11544,Georgia,,Oglethorpe,868,,,,NCAA 3,Southern Athletic,College
10900,Ohio,,Ohio,220,,,,NCAA 1,MAC,College
11929,Ohio,,Ohio Chr,1255,,,,NAIA,River States,College
11267,Ohio,,Ohio Northern,589,,,,NCAA 3,Ohio,College
10700,Ohio,,Ohio St,19,,,,NCAA 1,Big 10,College
11533,Ohio,,Ohio Wesleyan,857,,,,NCAA 3,North Coast Atlantic,College
12119,British Columbia,,Okanagan Col,1445,,,,,,College
10691,Oklahoma,,Oklahoma,10,,,,NCAA 1,Big 12,College
11166,Oklahoma,,Oklahoma Chr,488,,,,NCAA 2,Lone Star,College
11736,Oklahoma,,Oklahoma S&A,1062,,,,NAIA,Sooner,College
10689,Oklahoma,,Oklahoma St,8,,,,NCAA 1,Big 12,College
10856,Virginia,,Old Dominion,176,,,,NCAA 1,Sun Belt,College
11818,New York,,Old Westbury,1144,,,,NCAA 3,Skyline,College
11488,Michigan,,Olivet MI,812,,,,NCAA 3,Michigan,College
11898,Illinois,,Olivet Naz,1224,,,,NAIA,Chicagoland,College
11021,Oklahoma,,Oral Roberts,342,,,,NCAA 1,Summit,College
10735,Oregon,,Oregon,54,,,,NCAA 1,Pac 12,College
10741,Oregon,,Oregon St,60,,,,NCAA 1,Pac 12,College
10994,Oregon,,Oregon Tech,314,,,,NAIA,Cascade,College
11429,New York,,Oswego St,753,,,,NCAA 3,SUNY,College
11567,Arizona,,Ottawa AZ,891,,,,NAIA,Golden State,College
11725,Kansas,,Ottawa KS,1051,,,,NAIA,Kansas,College
11265,Ohio,,Otterbein,587,,,,NCAA 3,Ohio,College
11177,Arkansas,,Ouachita,499,,,,NCAA 2,Great American,College
11826,Texas,,Our Lady Lake,1152,,,,NAIA,Red River,College
12032,Missouri,,Ozark Chr,1358,,,,,,College
11066,Indiana,,PFW,387,,,,NCAA 1,Horizon,College
12179,Puerto Rico,,PR Arecibo,1506,,,,,,College
11354,Puerto Rico,,PR Bayamon,676,,,,NCAA 2,NCAA 2 Independent,College
12184,Puerto Rico,,PR Carolina,1511,,,,,,College
12183,Puerto Rico,,PR Humacao,1510,,,,,,College
12133,Puerto Rico,,PR Mayaguez,1459,,,,NCAA 2,NCAA 2 Independent,College
12178,Puerto Rico,,PR Ponce,1505,,,,,,College
11996,Puerto Rico,,PR Rio Piedras,1322,,,,NCAA 2,,College
12088,Pennsylvania,,PSU Wilkes-Barre,1413,,,,,,College
12078,Pennsylvania,,PSU York,1403,,,,,,College
11794,Pennsylvania,,PSU-Abington,1120,,,,NCAA 3,United East,College
11785,Pennsylvania,,PSU-Altoona,1111,,,,NCAA 3,Allegheny Mountain,College
12098,Pennsylvania,,PSU-Beaver,1423,,,,,,College
11786,Pennsylvania,,PSU-Behrend,1112,,,,NCAA 3,Allegheny Mountain,College
11799,Pennsylvania,,PSU-Berks,1125,,,,NCAA 3,United East,College
12092,Pennsylvania,,PSU-Brandywine,1417,,,,NCAA 3,United East,College
12075,Pennsylvania,,PSU-DuBois,1400,,,,,,College
12071,Pennsylvania,,PSU-Fayette,1396,,,,,,College
12061,Pennsylvania,,PSU-Gtr Allegheny,1387,,,,,,College
11793,Pennsylvania,,PSU-Harrisburg,1119,,,,NCAA 3,United East,College
12081,Pennsylvania,,PSU-Hazleton,1406,,,,,,College
12102,Pennsylvania,,PSU-Lehigh Val,1427,,,,,,College
12093,Pennsylvania,,PSU-Mont Alto,1418,,,,,,College
12063,Pennsylvania,,PSU-New Kens,1388,,,,,,College
12224,Pennsylvania,,PSU-Schuylkill,1559,,,,,,College
12069,Pennsylvania,,PSU-Scranton,1394,,,,,,College
12072,Pennsylvania,,PSU-Shenango,1397,,,,,,College
11886,Pennsylvania,,PSU-c,1554,,,,,Continental,College
11657,Washington,,Pac Lutheran,982,,,,NCAA 3,Northwest,College
11274,New York,,Pace,596,,,,NCAA 2,Northeast-10,College
10787,California,,Pacific,107,,,,NCAA 1,West Coast,College
11659,Oregon,,Pacific OR,984,,,,NCAA 3,Northwest,College
11844,California,,Pacific Union,1170,,,,NAIA,California Pacific,College
11381,Georgia,,Paine,703,,,,NCAA 2,Southern IAC,College
10971,Florida,,Palm Beach Atl,291,,,,NCAA 2,Sunshine State,College
11744,Oklahoma,,Panhandle St,1070,,,,NAIA,Sooner,College
12172,Texas,,Panola,1499,,,,,,College
11629,Missouri,,Park,953,,,,NAIA,Heart of America,College
11843,Arizona,,Park-Gilbert,1169,,,,NAIA,California Pacific,College
12106,Tennessee,,Patrick Henry,1431,,,,,Other,College
11824,Texas,,Paul Quinn,1150,,,,NAIA,Red River,College
12074,New York,,Paul Smith's,1399,,,,,,College
11688,North Carolina,,Peace,1014,,,,NCAA 3,USA South,College
10868,Pennsylvania,,Penn,188,,,,NCAA 1,Ivy,College
11798,Pennsylvania,,Penn Col Tech,1124,,,,NCAA 3,United East,College
10695,Pennsylvania,,Penn St,14,,,,NCAA 1,Big 10,College
12025,Florida,,Pensacola Chr,1351,,,,,,College
10789,California,,Pepperdine,109,,,,NCAA 1,West Coast,College
11164,Texas,,Permian Basin,486,,,,NCAA 2,Lone Star,College
11617,Nebraska,,Peru St,941,,,,NAIA,Heart of America,College
11691,North Carolina,,Pfeiffer,1017,,,,NCAA 3,USA South,College
11665,Arkansas,,Philander Smith,990,,,,NAIA,Gulf Coast,College
11705,Georgia,,Piedmont,1031,,,,NCAA 3,Conference of the South,College
11601,Kentucky,,Pikeville,925,,,,NAIA,Mid-South,College
11789,Pennsylvania,,Pitt-Bradford,1115,,,,NCAA 3,Allegheny Mountain,College
11787,Pennsylvania,,Pitt-Greensburg,1113,,,,NCAA 3,Allegheny Mountain,College
11110,Pennsylvania,,Pitt-Johnstown,432,,,,NCAA 2,Penn St,College
11092,Kansas,,Pittsburg St,414,,,,NCAA 2,Mid-America,College
10748,Pennsylvania,,Pittsburgh,68,,,,NCAA 1,ACC,College
11436,New York,,Plattsburgh St,760,,,,NCAA 3,SUNY,College
11453,New Hampshire,,Plymouth St,777,,,,NCAA 3,Little East,College
11970,Georgia,,Point,1296,,,,NAIA,Appalachian,College
11180,California,,Point Loma,502,,,,NCAA 2,Pacific West,College
11923,Pennsylvania,,Point Park,1249,,,,NCAA 2,Mountain East,College
11588,California,,Pomona-Pitzer,912,,,,NCAA 3,Southern Cal,College
12169,Puerto Rico,,Pontifical Cath PR,1496,,,,,,College
10786,Oregon,,Portland,106,,,,NCAA 1,West Coast,College
12039,Oklahoma,,Portland Bible,1365,,,,Other,Other,College
10950,Oregon,,Portland St,270,,,,NCAA 1,Big Sky,College
11358,Connecticut,,Post,680,,,,NCAA 2,Central Atlantic,College
10879,Texas,,Prairie View,199,,,,NCAA 1,SWAC,College
11212,New York,,Pratt Inst,534,,,,NCAA 3,NCAA 3 Independent,College
11039,South Carolina,,Presbyterian,360,,,,NCAA 1,Big South,College
11993,South Dakota,,Presentation,1319,,,,,,College
10866,New Hampshire,,Princeton,186,,,,NCAA 1,Ivy,College
11891,Illinois,,Principia,1217,,,,NCAA 3,St Louis,College
10710,Rhode Island,,Providence,29,,,,NCAA 1,Big East,College
11685,Montana,,Providence GF,1012,,,,NAIA,Frontier,College
12065,Manitoba,,Providence MB,1390,,,,,,College
11656,Washington,,Puget Sound,981,,,,NCAA 3,Northwest,College
11817,New York,,Purchase,1143,,,,NCAA 3,Skyline,College
10692,Indiana,,Purdue,11,,,,NCAA 1,Big 10,College
11315,Indiana,,Purdue Northwest,637,,,,NCAA 2,Great Lakes,College
10925,New York,,Queens NC,245,,,,NCAA 1,Atlantic Sun,College
11348,New York,,Queens NY,670,,,,NCAA 2,East Coast,College
11246,Illinois,,Quincy,568,,,,NCAA 2,Great Lakes Valley,College
11003,Connecticut,,Quinnipiac,323,,,,NCAA 1,Metro Atalantic,College
11672,New Jersey,,R Stockton,997,,,,NCAA 3,New Jersey,College
11454,Rhode Island,,RI College,778,,,,NCAA 3,Little East,College
11040,Virginia,,Radford,361,,,,NCAA 1,Big South,College
11678,New Jersey,,Ramapo,1003,,,,NCAA 3,New Jersey,College
12024,Oklahoma,,Randall,1350,,,,,,College
10989,Virginia,,Randolph Col,309,,,,NCAA 3,Old Dominion,College
10977,Virginia,,Randolph-Macon,297,,,,NCAA 3,Old Dominion,College
12165,New Jersey,,Raritan Val,1492,,,,,,College
12130,Minnesota,,Red Lake Nation,1456,,,,Other,Other,College
12196,Ontario,,Redeemer,1524,,,,,,College
11589,California,,Redlands,913,,,,NCAA 3,Southern Cal,College
12021,Virginia,,Regent,1347,,,,NCAA 3,Coast-to-Coast,College
11132,Colorado,,Regis CO,454,,,,NCAA 2,RMAC,College
11401,Massachusetts,,Regis MA,723,,,,NCAA 3,Great Northeast,College
11968,Georgia,,Reinhardt,1294,,,,NAIA,Appalachian,College
11764,New York,,Rensselaer,1090,,,,NCAA 3,Liberty League,College
10815,Rhode Island,,Rhode Island,135,,,,NCAA 1,Atlantic 10,College
11542,Tennessee,,Rhodes,866,,,,NCAA 3,Southern Athletic,College
10797,Texas,,Rice,117,,,,NCAA 1,Conference USA,College
10808,Virginia,,Richmond,128,,,,NCAA 1,Atlantic 10,College
11005,New Jersey,,Rider,325,,,,NCAA 1,Metro Atalantic,College
11920,Ohio,,Rio Grande,1246,,,,NAIA,River States,College
11558,Wisconsin,,Ripon,882,,,,NCAA 3,Midwest,College
11406,New Hampshire,,Rivier,728,,,,NCAA 3,Great Northeast,College
10980,Virginia,,Roanoke,300,,,,NCAA 3,Old Dominion,College
11069,Pennsylvania,,Robert Morris,390,,,,NCAA 1,Horizon,College
11347,New York,,Roberts Wslyn,669,,,,NCAA 2,East Coast,College
11580,Michigan,,Rochester MI,904,,,,NAIA,Wolverine-Hoosier,College
11459,New York,,Rochester NY,783,,,,NCAA 3,Univeristy,College
11770,New York,,Rochester Tech,1096,,,,NCAA 3,Liberty League,College
11635,Illinois,,Rockford,959,,,,NCAA 3,Northern Atlantic,College
11243,Missouri,,Rockhurst,565,,,,NCAA 2,Great Lakes Valley,College
11684,Montana,,Rocky Mtn,1009,,,,NAIA,Frontier,College
11526,Rhode Island,,Roger Williams,850,,,,NCAA 3,Commonwealth Coast,College
11088,Oklahoma,,Rogers St,410,,,,NCAA 2,Mid-America,College
10970,Florida,,Rollins,290,,,,NCAA 2,Sunshine State,College
11901,Illinois,,Roosevelt,1227,,,,NCAA 2,Great Lakes,College
11954,Indiana,,Rose-Hulman,1280,,,,NCAA 3,Heartland,College
11914,Pennsylvania,,Rosemont,1240,,,,,,College
11671,New Jersey,,Rowan,996,,,,NCAA 3,New Jersey,College
11719,New York,,Russell Sage,1045,,,,NCAA 3,Empire 8,College
11667,Mississippi,,Rust,992,,,,NAIA,Gulf Coast,College
10702,New Jersey,,Rutgers,21,,,,NCAA 1,Big 10,College
11680,New Jersey,,Rutgers-Camden,1005,,,,NCAA 3,New Jersey,College
11677,New Jersey,,Rutgers-Newark,1002,,,,NCAA 3,New Jersey,College
12058,Alberta,,S Alberta Tech,1384,,,,,,College
11170,Arkansas,,S Arkansas,492,,,,NCAA 2,Great American,College
11019,South Carolina,,S Carolina St,339,,,,NCAA 1,MEAC,College
11276,Connecticut,,S Connecticut,598,,,,NCAA 2,Northeast-10,College
11022,South Dakota,,S Dakota St,343,,,,NCAA 1,Summit,College
11144,California,,S Francisco St,466,,,,NCAA 2,California,College
10842,Illinois,,S Illinois,162,,,,NCAA 1,Missouri Valley,College
11452,Maine,,S Maine,776,,,,NCAA 3,Little East,College
12115,Maine,,S Maine Tech,1441,,,,,,College
11273,New Hampshire,,S New Hampshire,595,,,,NCAA 2,Northeast-10,College
11690,Virginia,,S Virginia,1016,,,,NCAA 3,USA South,College
11306,South Carolina,,S Wesleyan,628,,,,NCAA 2,Carolinas,College
11251,South Carolina,,SC Aiken,573,,,,NCAA 2,Peach Belt,College
12185,South Carolina,,SC Beaufort,1512,,,,NCAA 2,Peach Belt,College
12194,South Carolina,,SC Leadership,1522,,,,,,College
11035,South Carolina,,SC Upstate,356,,,,NCAA 1,Big South,College
11135,South Dakota,,SD Mines,1561,,,,NCAA 2,RMAC,College
12116,Illinois,,SE Illinois,1442,,,,,,College
10935,Louisiana,,SE Louisiana,255,,,,NCAA 1,Southland,College
11043,Missouri,,SE Missouri St,364,,,,NCAA 1,Ohio Valley,College
11169,Ohio,,SE Oklahoma,491,,,,NCAA 2,Great American,College
10832,Texas,,SF Austin,152,,,,NCAA 1,Western Athletic,College
11050,Illinois,,SIUE,371,,,,NCAA 1,Ohio Valley,College
10777,Texas,,SMU,97,,,,NCAA 1,American Athletic,College
11079,New York,,SUNY Albany,401,,,,NCAA 1,America East,College
11941,New York,,SUNY Canton,1267,,,,NCAA 3,North Atlantic,College
11937,New York,,SUNY Cobleskill,1263,,,,NCAA 3,North Atlantic,College
11934,New York,,SUNY Delhi,1260,,,,NCAA 3,North Atlantic,College
11437,New York,,SUNY Fredonia,761,,,,NCAA 3,SUNY,College
11813,New York,,SUNY Maritime,1139,,,,,,College
11433,New York,,SUNY New Paltz,757,,,,NCAA 3,SUNY,College
11432,New York,,SUNY Oneonta,756,,,,NCAA 3,SUNY,College
11935,New York,,SUNY Poly,1541,,,,NCAA 3,North Atlantic,College
11435,New York,,SUNY Potsdam,759,,,,NCAA 3,SUNY,College
12111,New York,,SUNY-ESF,1436,,,,Other,Other,College
12050,Texas,,SW Adventist,1376,,,,,,College
11240,Missouri,,SW Baptist,562,,,,NCAA 2,Great Lakes Valley,College
12176,Texas,,SW Chr TX,1503,,,,,,College
11742,Oklahoma,,SW Christian,1068,,,,NAIA,Sooner,College
11200,Minnesota,,SW Minnesota,522,,,,NCAA 2,Northern Sun,College
11175,Oklahoma,,SW Oklahoma,497,,,,NCAA 2,Great American,College
11510,Texas,,SW Univ TX,834,,,,NCAA 3,Southern Collegiate,College
10819,Connecticut,,Sacred Heart,139,,,,NCAA 1,Northeast,College
12167,Puerto Rico,,Sacred Heart PR,1494,,,,,,College
11313,Michigan,,Saginaw Val,635,,,,NCAA 2,Great Lakes,College
11948,Massachusetts,,Salem MA,1274,,,,NCAA 3,Massachusetts,College
12148,North Carolina,,Salem NC,1474,,,,NCAA 3,USA South,College
11352,West Virginia,,Salem WV,674,,,,NCAA 2,NCAA 2 Independent,College
11209,Maryland,,Salisbury,531,,,,NCAA 3,Coast-to-Coast,College
11527,Rhode Island,,Salve Regina,851,,,,NCAA 3,Commonwealth Coast,College
10828,Texas,,Sam Houston St,148,,,,NCAA 1,Western Athletic,College
10911,Alabama,,Samford,231,,,,NCAA 1,Southern,College
10788,California,,San Diego,108,,,,NCAA 1,West Coast,College
11574,California,,San Diego Chr,898,,,,,,College
10758,California,,San Diego St,78,,,,NCAA 1,Mountain West,College
10784,California,,San Francisco,104,,,,NCAA 1,West Coast,College
10765,California,,San Jose St,85,,,,NCAA 1,Mountain West,College
10782,California,,Santa Clara,102,,,,NCAA 1,West Coast,College
11816,New York,,Sarah Lawrence,1142,,,,NCAA 3,Skyline,College
11373,Georgia,,Savannah St,695,,,,NCAA 2,Southern IAC,College
11507,Texas,,Schreiner,831,,,,NCAA 3,Southern Collegiate,College
11609,Pennsylvania,,Scranton,933,,,,NCAA 3,Landmark,College
10831,Washington,,Seattle,151,,,,NCAA 1,Western Athletic,College
11386,Washington,,Seattle Pacific,708,,,,NCAA 2,Great Northwest,College
10712,New Jersey,,Seton Hall,31,,,,NCAA 1,Big East,College
11117,Pennsylvania,,Seton Hill,439,,,,NCAA 2,Penn St,College
11541,Tennessee,,Sewanee,865,,,,NCAA 3,Southern Athletic,College
11337,New York,,Shaw NC,659,,,,NCAA 2,Central,College
11599,Ohio,,Shawnee St,923,,,,NAIA,Mid-South,College
10988,Virginia,,Shenandoah,308,,,,NCAA 3,Old Dominion,College
11118,Washington,,Shepherd,440,,,,NCAA 2,Penn St,College
11112,Pennsylvania,,Shippensburg,434,,,,NCAA 2,Penn St,College
11330,Georgia,,Shorter,652,,,,NCAA 2,Gulf South,College
11004,New York,,Siena,324,,,,NCAA 1,Metro Atalantic,College
11585,Michigan,,Siena Hts,909,,,,NAIA,Wolverine-Hoosier,College
12037,Kentucky,,Simmons KY,1363,,,,,,College
11393,British Columbia,,Simon Fraser,715,,,,NCAA 2,Great Northwest,College
11839,California,,Simpson CA,1165,,,,NAIA,California Pacific,College
11554,Iowa,,Simpson IA,878,,,,NCAA 3,American Rivers,College
11194,South Dakota,,Sioux Falls,516,,,,NCAA 2,Northern Sun,College
12041,South Dakota,,Sisseton Wahpeton,1367,,,,Other,Other,College
11768,New York,,Skidmore,1094,,,,NCAA 3,Liberty League,College
11115,Pennsylvania,,Slippery Rock,437,,,,NCAA 2,Penn St,College
12147,Massachusetts,,Smith,1473,,,,NCAA 3,New England,College
11148,California,,Sonoma St,470,,,,,California,College
10857,Alabama,,South Alabama,177,,,,NCAA 1,Sun Belt,College
10730,South Carolina,,South Carolina,49,,,,NCAA 1,Big East,College
11026,South Dakota,,South Dakota,347,,,,NCAA 1,Summit,College
10778,Florida,,South Florida,98,,,,NCAA 1,American Athletic,College
12029,Mississippi,,Southeastern Bap,1355,,,,,,College
11858,Florida,,Southeastern FL,1184,,,,NAIA,The Sun,College
11046,Indiana,,Southern Indiana,367,,,,NCAA 1,Ohio Valley,College
10854,Mississippi,,Southern Miss,174,,,,NCAA 1,Sun Belt,College
11670,Louisiana,,Southern N.O.,995,,,,NAIA,Gulf Coast,College
11168,Oklahoma,,Southern Nazarene,490,,,,NCAA 2,Great American,College
10992,Oregon,,Southern Oregon,312,,,,NAIA,Cascade,College
10877,Louisiana,,Southern Univ,197,,,,NCAA 1,SWAC,College
10830,Utah,,Southern Utah,150,,,,NCAA 1,Western Athletic,College
11721,Kansas,,Southwestern KS,1047,,,,NAIA,Kansas,College
11895,Kentucky,,Spalding,1221,,,,NCAA 3,St Louis,College
12202,South Carolina,,Spartanburg Meth,1531,,,,NAIA,NAIA Independent,College
11222,Michigan,,Spring Arbor,544,,,,NAIA,Crossroads,College
11379,Alabama,,Spring Hill,701,,,,NCAA 2,Southern IAC,College
11518,Massachusetts,,Springfield,842,,,,NCAA 3,New England,College
12046,Missouri,,Spurgeon,1372,,,,Other,Other,College
11909,Iowa,,St Ambrose,1235,,,,NAIA,Chicagoland,College
11977,North Carolina,,St Andrew's,1303,,,,,,College
11271,New Hampshire,,St Anselm,593,,,,NCAA 2,Northeast-10,College
11342,North Carolina,,St Augustine's,664,,,,,Central,College
12146,Minnesota,,St Benedict,1472,,,,NCAA 3,Minnesota,College
10810,New York,,St Bonaventure,130,,,,NCAA 1,Atlantic 10,College
12145,Minnesota,,St Catherine,1471,,,,NCAA 3,Minnesota,College
12197,Ontario,,St Clair,1525,,,,,,College
11203,Minnesota,,St Cloud,525,,,,NCAA 2,Northern Sun,College
11156,Texas,,St Edward's,478,,,,NCAA 2,Lone Star,College
11917,New Jersey,,St Elizabeth,1243,,,,NCAA 3,Colonial States,College
11902,Illinois,,St Francis IL,1228,,,,NAIA,Chicagoland,College
11219,Indiana,,St Francis IN,541,,,,NAIA,Crossroads,College
10822,New York,,St Francis NY,142,,,,,Northeast,College
10821,Pennsylvania,,St Francis PA,141,,,,NCAA 1,Northeast,College
11712,New York,,St John Fisher,1038,,,,NCAA 3,Empire 8,College
10713,New York,,St John's,32,,,,NCAA 1,Big East,College
11494,Minnesota,,St John's MN,818,,,,,,College
11394,Connecticut,,St Joseph CT,716,,,,NCAA 3,Great Northeast,College
11812,New York,,St Joseph's LI,1138,,,,NCAA 3,Skyline,College
11399,Maine,,St Joseph's ME,721,,,,NCAA 3,Great Northeast,College
11819,New York,,St Joseph's NY,1145,,,,NCAA 3,Skyline,College
10809,Pennsylvania,,St Joseph's PA,129,,,,NCAA 1,Atlantic 10,College
11835,California,,St Katherine,1161,,,,,California Pacific,College
11766,New York,,St Lawrence,1092,,,,NCAA 3,Liberty League,College
10975,Florida,,St Leo,295,,,,NCAA 2,Sunshine State,College
10803,Missouri,,St Louis,123,,,,NCAA 1,Atlantic 10,College
11384,Washington,,St Martin's,706,,,,NCAA 2,Great Northwest,College
11730,Kansas,,St Mary KS,1056,,,,NAIA,Kansas,College
12154,Nebraska,,St Mary NE,1480,,,,NAIA,Great Plains,College
12127,Alberta,,St Mary's AB,1453,,,,,,College
10781,California,,St Mary's CA,101,,,,NCAA 1,West Coast,College
12159,Indiana,,St Mary's IN,1486,,,,NCAA 3,Michigan,College
11795,Maryland,,St Mary's MD,1121,,,,NCAA 3,United East,College
11495,Minnesota,,St Mary's MN,819,,,,NCAA 3,Minnesota,College
11160,Texas,,St Mary's TX,482,,,,NCAA 2,Lone Star,College
11931,Indiana,,St Mary-Woods,1257,,,,NAIA,River States,College
11280,Vermont,,St Michael's,602,,,,NCAA 2,Northeast-10,College
11630,Wisconsin,,St Norbert,954,,,,NCAA 3,Northern Atlantic,College
11496,Minnesota,,St Olaf,820,,,,NCAA 3,Minnesota,College
11007,New Jersey,,St Peter's,327,,,,NCAA 1,Metro Atalantic,College
11281,New York,,St Rose,603,,,,,Northeast-10,College
11503,Minnesota,,St Scholastica,827,,,,NCAA 3,Minnesota,College
11857,Florida,,St Thomas FL,1183,,,,NAIA,The Sun,College
11024,Michigan,,St Thomas MN,345,,,,NCAA 1,Summit,College
11504,Texas,,St Thomas TX,828,,,,NCAA 3,Southern Collegiate,College
11852,Pennsylvania,,St Vincent,1178,,,,NCAA 3,Presidents,College
11899,Illinois,,St Xavier IL,1225,,,,NAIA,Chicagoland,College
12123,Manitoba,,St-Boniface,1449,,,,,,College
10739,California,,Stanford,58,,,,NCAA 1,Pac 12,College
12214,California,,Stanton,1548,,,,NAIA,,College
11349,New York,,Staten Island,671,,,,NCAA 2,East Coast,College
12153,Missouri,,Stephens,1479,,,,NAIA,American MW,College
11728,Kansas,,Sterling,1054,,,,NAIA,Kansas,College
10924,Florida,,Stetson,244,,,,NCAA 1,Atlantic Sun,College
11753,New Jersey,,Stevens,1079,,,,NCAA 3,Middle Atlantic,College
12047,Pennsylvania,,Stevens Tech PA,1373,,,,,,College
11754,Maryland,,Stevenson,1080,,,,NCAA 3,Middle Atlantic,College
11777,Alabama,,Stillman,1103,,,,NAIA,Southern States,College
10820,Massachusetts,,Stonehill,140,,,,NCAA 1,Northeast,College
10962,New York,,Stony Brook,282,,,,NCAA 1,Colonial,College
11524,Massachusetts,,Suffolk,848,,,,NCAA 3,Commonwealth Coast,College
11470,Texas,,Sul Ross,794,,,,NCAA 2,Lone Star,College
11918,Pennsylvania,,Summit,1244,,,,,Colonial States,College
11610,Pennsylvania,,Susquehanna,934,,,,NCAA 3,Landmark,College
11419,Pennsylvania,,Swarthmore,742,,,,NCAA 3,Centennial,College
10752,New York,,Syracuse,72,,,,NCAA 1,ACC,College
11356,Oregon,,T Jefferson,678,,,,NCAA 2,Central Atlantic,College
10933,Texas,,TAM C. Christi,253,,,,NCAA 1,Southland,College
10686,Texas,,TCU,5,,,,NCAA 1,Big 12,College
11044,Tennessee,,TN Martin,365,,,,NCAA 1,Ohio Valley,College
11600,Tennessee,,TN Southern,924,,,,NAIA,Mid-South,College
11971,Tennessee,,TN Wesleyan,1297,,,,NAIA,Appalachian,College
11155,Texas,,TX A&M K'ville,477,,,,NCAA 2,Lone Star,College
11822,Texas,,TX A&M Texarkana,1148,,,,NAIA,Red River,College
11509,Texas,,TX Lutheran,833,,,,NCAA 3,Southern Collegiate,College
10878,Texas,,TX Southern,198,,,,NCAA 1,SWAC,College
11739,Texas,,TX Wesleyan,1065,,,,NAIA,Sooner,College
11731,Kansas,,Tabor,1057,,,,NAIA,Kansas,College
11780,Alabama,,Talladega,1106,,,,NAIA,Southern States,College
10972,Florida,,Tampa,292,,,,NCAA 2,Sunshine State,College
10835,Texas,,Tarleton St,155,,,,NCAA 1,Western Athletic,College
11221,Indiana,,Taylor IN,543,,,,NAIA,Crossroads,College
10775,Pennsylvania,,Temple,95,,,,NCAA 1,American Athletic,College
12164,Texas,,Temple Col,1491,,,,,,College
10718,Tennessee,,Tennessee,37,,,,NCAA 1,SEC,College
11047,Tennessee,,Tennessee St,368,,,,NCAA 1,Ohio Valley,College
11045,Tennessee,,Tennessee Tech,366,,,,NCAA 1,Ohio Valley,College
10683,Texas,,Texas,2,,,,NCAA 1,Big 12,College
10720,Texas,,Texas A&M,39,,,,NCAA 1,SEC,College
11158,Tennessee,,Texas A&M Intl,480,,,,NCAA 2,Lone Star,College
12203,Texas,,Texas A&M-SA,1532,,,,NAIA,Red River,College
11830,Texas,,Texas Col,1156,,,,NAIA,Red River,College
10859,Texas,,Texas St,179,,,,NCAA 1,Sun Belt,College
10690,Texas,,Texas Tech,9,,,,NCAA 1,Big 12,College
12135,Texas,,Texas Woman's,1461,,,,NCAA 2,Lone Star,College
11568,California,,The Master's,892,,,,NAIA,Golden State,College
11851,Pennsylvania,,Thiel,1177,,,,NCAA 3,Presidents,College
11343,New York,,Thomas Aquinas,665,,,,NCAA 2,East Coast,College
11859,Georgia,,Thomas GA,1185,,,,NAIA,The Sun,College
11944,Maine,,Thomas ME,1270,,,,NCAA 3,North Atlantic,College
11598,Kentucky,,Thomas More,922,,,,NCAA 2,Great Midwest,College
12125,British Columbia,,Thompson Riv,1451,,,,,,College
11291,Ohio,,Tiffin,613,,,,NCAA 2,Great Midwest,College
12012,Georgia,,Toccoa Falls,1338,,,,,,College
10898,Ohio,,Toledo,218,,,,NCAA 1,MAC,College
12192,Canada,,Toronto Met,1520,,,,,,College
11663,Mississippi,,Tougaloo,988,,,,NAIA,Gulf Coast,College
10956,Maryland,,Towson,276,,,,NCAA 1,Colonial,College
11955,Kentucky,,Transylvania,1281,,,,NCAA 3,Heartland,College
11294,Tennessee,,Trevecca Naz,616,,,,NCAA 2,Great Midwest,College
11486,Indiana,,Trine,810,,,,NCAA 3,Michigan,College
12014,Florida,,Trinity Bap,1340,,,,,,College
12076,North Dakota,,Trinity Bib,1401,,,,,,College
11480,Connecticut,,Trinity CT,804,,,,NCAA 3,NESCAC,College
11908,Illinois,,Trinity Chr,1234,,,,NAIA,Chicagoland,College
12161,District of Columbia,,Trinity DC,1488,,,,NCAA 3,NCAA 3 Independent,College
12030,Florida,,Trinity FL,1356,,,,,,College
11905,Illinois,,Trinity Intl,1231,,,,,Chicagoland,College
12223,Florida,,Trinity Jax,1558,,,,,,College
11505,Texas,,Trinity TX,829,,,,NCAA 3,Southern Collegiate,College
10858,Alabama,,Troy,178,,,,NCAA 1,Sun Belt,College
11972,Georgia,,Truett-McConnell,1298,,,,NAIA,Appalachian,College
11244,Missouri,,Truman St,566,,,,NCAA 2,Great Lakes Valley,College
11476,Massachusetts,,Tufts,800,,,,NCAA 3,NESCAC,College
10773,Louisiana,,Tulane,93,,,,NCAA 1,American Athletic,College
10779,Oklahoma,,Tulsa,99,,,,NCAA 1,American Athletic,College
12034,North Dakota,,Turtle Mtn CC,1360,,,,Other,Other,College
11227,Tennessee,,Tusculum,549,,,,NCAA 2,South Atlantic,College
11370,Alabama,,Tuskegee,692,,,,NCAA 2,Southern IAC,College
12162,Texas,,Tyler JC,1489,,,,,,College
11530,Maine,,U New England,854,,,,NCAA 3,Commonwealth Coast,College
10792,Alabama,,UAB,112,,,,NCAA 1,Conference USA,College
10891,California,,UC Davis,211,,,,NCAA 1,Big West,College
10887,California,,UC Irvine,207,,,,NCAA 1,Big West,College
11836,California,,UC Merced,1162,,,,NCAA 2,California,College
10888,California,,UC Riverside,208,,,,NCAA 1,Big West,College
10894,California,,UC San Diego,214,,,,NCAA 1,Big West,College
10886,California,,UC Santa Barbara,206,,,,NCAA 1,Big West,College
11210,California,,UC Santa Cruz,532,,,,NCAA 3,Coast-to-Coast,College
10772,Florida,,UCF,92,,,,NCAA 1,American Athletic,College
10731,California,,UCLA,50,,,,NCAA 1,Pac 12,College
11986,Missouri,,UHSP,1539,,,,NAIA,American MW,College
10865,Kentucky,,ULM,185,,,,NCAA 1,Sun Belt,College
11075,Maryland,,UMBC,397,,,,NCAA 1,America East,College
11031,North Carolina,,UNC Asheville,352,,,,NCAA 1,Big South,College
10910,North Carolina,,UNC Greensboro,230,,,,NCAA 1,Southern,College
10955,North Carolina,,UNC Wilmington,275,,,,NCAA 1,Colonial,College
10763,Nevada,,UNLV,83,,,,NCAA 1,Mountain West,College
11738,Texas,,UNT Dallas,1064,,,,NAIA,Sooner,College
10733,California,,USC,52,,,,NCAA 1,Pac 12,College
10838,Texas,,UT Arlington,158,,,,NCAA 1,Western Athletic,College
11466,Texas,,UT Dallas,790,,,,NCAA 2,Lone Star,College
10800,Texas,,UT San Antonio,120,,,,NCAA 1,Conference USA,College
11165,Texas,,UT Tyler,487,,,,NCAA 2,Lone Star,College
10798,Texas,,UTEP,118,,,,NCAA 1,Conference USA,College
10839,Texas,,UTRGV,159,,,,NCAA 1,Western Athletic,College
11230,Virginia,,UVA-Wise,552,,,,NCAA 2,South Atlantic,College
11965,Kentucky,,Union KY,1291,,,,NAIA,Appalachian,College
12043,Nebraska,,Union NE,1369,,,,,,College
11771,New York,,Union NY,1097,,,,NCAA 3,Liberty League,College
11323,South Carolina,,Union TN,645,,,,NCAA 2,Gulf South,College
12000,Bahamas,,Univ Bahamas,1326,,,,Other,Other,College
12056,Alberta,,Univ Lethbridge,1382,,,,,,College
11472,Arkansas,,Univ Ozarks,796,,,,NCAA 3,American SW,College
11827,New Mexico,,Univ of Southwest,1153,,,,NAIA,Red River,College
11197,Iowa,,Upper Iowa,519,,,,NCAA 2,Northern Sun,College
11423,Pennsylvania,,Ursinus,746,,,,NCAA 3,Centennial,College
12134,Ohio,,Ursuline,1460,,,,NCAA 2,Great Midwest,College
10738,Utah,,Utah,57,,,,NCAA 1,Pac 12,College
10759,Utah,,Utah St,79,,,,NCAA 1,Mountain West,College
10836,Utah,,Utah Tech,156,,,,NCAA 1,Western Athletic,College
10827,Utah,,Utah Valley,147,,,,NCAA 1,Western Athletic,College
11710,New York,,Utica,1036,,,,NCAA 3,Empire 8,College
10982,Virginia,,VA Wesleyan,302,,,,NCAA 3,Old Dominion,College
12051,Virginia,,VA-Lynchburg,1377,,,,,,College
10801,Vermont,,VCU,121,,,,NCAA 1,Atlantic 10,College
11322,Georgia,,Valdosta St,644,,,,NCAA 2,Gulf South,College
11989,North Dakota,,Valley City St,1315,,,,NAIA,North Star,College
11919,Pennsylvania,,Valley Forge,1245,,,,NCAA 3,Colonial States,College
10850,Indiana,,Valparaiso,170,,,,NCAA 1,Missouri Valley,College
12170,British Columbia,,Vancouver Island,1497,,,,,,College
10725,Tennessee,,Vanderbilt,44,,,,NCAA 1,SEC,College
11573,California,,Vanguard,897,,,,NCAA 2,Pacific West,College
11767,New York,,Vassar,1093,,,,NCAA 3,Liberty League,College
12070,New York,,Vaughn,1395,,,,Other,Other,College
11072,Vermont,,Vermont,394,,,,NCAA 1,America East,College
12100,Vermont,,Vermont Tech,1425,,,,,,College
12090,New York,,Villa Maria,1415,,,,,,College
10711,Pennsylvania,,Villanova,30,,,,NCAA 1,Big East,College
11883,Virgin Islands,,Virgin Islands,1209,,,,NAIA,Continental,College
10745,Vermont,,Virginia,64,,,,NCAA 1,ACC,College
11335,Virginia,,Virginia St,657,,,,NCAA 2,Central,College
12067,Virginia,,Virginia Tech,1392,,,,NCAA 1,ACC,College
11331,Virginia,,Virginia Union,653,,,,NCAA 2,Central,College
11994,Wisconsin,,Viterbo,1320,,,,NAIA,North Star,College
11878,South Carolina,,Voorhees,1204,,,,NAIA,Continental,College
10914,North Carolina,,W Carolina,234,,,,NCAA 1,Southern,College
12033,California,,W Coast Bap,1359,,,,Other,Other,College
11448,Connecticut,,W Connecticut,772,,,,NCAA 3,Little East,College
11025,Illinois,,W Illinois,346,,,,NCAA 1,Summit,College
10908,Michigan,,W Michigan,228,,,,NCAA 1,MAC,College
11522,Massachusetts,,W New England,846,,,,NCAA 3,Commonwealth Coast,College
11161,New Mexico,,W New Mexico,483,,,,NCAA 2,Lone Star,College
11390,Oregon,,W Oregon,712,,,,NCAA 2,Great Northwest,College
11332,North Carolina,,W Salem St,654,,,,NCAA 2,Central,College
11152,Tennessee,,W Texas A&M,474,,,,NCAA 2,Lone Star,College
11388,Washington,,W Washington,710,,,,NCAA 2,Great Midwest,College
11981,Missouri,,W Woods,1307,,,,NAIA,American MW,College
11442,Wisconsin,,WI Eau Claire,766,,,,NCAA 3,Wisconsin,College
11070,Wisconsin,,WI Green Bay,391,,,,NCAA 1,Horizon,College
11441,Wisconsin,,WI LaCrosse,765,,,,NCAA 3,Wisconsin,College
11631,Wisconsin,,WI Lutheran,955,,,,NCAA 3,Northern Atlantic,College
11065,Wisconsin,,WI Milwaukee,386,,,,NCAA 1,Horizon,College
11439,Wisconsin,,WI Oshkosh,763,,,,NCAA 3,Wisconsin,College
11310,Wisconsin,,WI Parkside,632,,,,NCAA 2,Great Lakes,College
11443,Wisconsin,,WI Platteville,767,,,,NCAA 3,Wisconsin,College
11444,Wisconsin,,WI River Falls,768,,,,NCAA 3,Wisconsin,College
11445,Wisconsin,,WI Stevens Pt,769,,,,NCAA 3,Wisconsin,College
11446,Wisconsin,,WI Stout,770,,,,NCAA 3,Wisconsin,College
11696,Wisconsin,,WI Superior,1022,,,,NCAA 3,Upper Midwest,College
11440,Wisconsin,,WI Whitewater,764,,,,NCAA 3,Wisconsin,College
10795,Kentucky,,WKU,115,,,,NCAA 1,Conference USA,College
11098,West Virginia,,WV State,420,,,,NCAA 2,Mountain East,College
11925,West Virginia,,WV Tech,1251,,,,NAIA,River States,College
11106,West Virginia,,WV Wesleyan,428,,,,NCAA 2,Mountain East,College
10818,New York,,Wagner,138,,,,NCAA 1,Northeast,College
10750,North Carolina,,Wake Forest,70,,,,NCAA 1,ACC,College
11992,Iowa,,Waldorf,1318,,,,NAIA,North Star,College
11000,Washington,,Walla Walla,320,,,,NAIA,Cascade,College
11284,Ohio,,Walsh,606,,,,NCAA 2,Great Midwest,College
11861,Florida,,Warner,1187,,,,NAIA,The Sun,College
10995,Oregon,,Warner Pacific,315,,,,NAIA,Cascade,College
11211,North Carolina,,Warren Wilson,533,,,,NCAA 3,Coast-to-Coast,College
11553,Iowa,,Wartburg,877,,,,NCAA 3,American Rivers,College
11846,Pennsylvania,,Wash & Jeff,1172,,,,NCAA 3,Presidents,College
11087,Iowa,,Washburn,409,,,,NCAA 2,Mid-America,College
10740,Washington,,Washington,59,,,,NCAA 1,Pac 12,College
10981,Virginia,,Washington & Lee,301,,,,NCAA 3,Old Dominion,College
11876,Maryland,,Washington Advt,1202,,,,NAIA,Continental,College
11428,Maryland,,Washington MD,751,,,,NCAA 3,Centennial,College
10737,Washington,,Washington St,56,,,,NCAA 1,Pac 12,College
11457,Missouri,,Washington StL,781,,,,NCAA 3,Univeristy,College
11734,Texas,,Wayland,1060,,,,NAIA,Sooner,College
11317,Michigan,,Wayne St MI,639,,,,NCAA 2,Great Lakes,College
11195,Nebraska,,Wayne St NE,517,,,,NCAA 2,Northern Sun,College
11854,Pennsylvania,,Waynesburg,1180,,,,NCAA 3,Presidents,College
11863,Florida,,Webber,1189,,,,NAIA,The Sun,College
10945,Utah,,Weber St,265,,,,NCAA 1,Big Sky,College
11890,Missouri,,Webster,1216,,,,NCAA 3,St Louis,College
12028,Tennessee,,Welch,1354,,,,,,College
12143,Massachusetts,,Wellesley,1469,,,,NCAA 3,New England,College
11796,New York,,Wells,1122,,,,,United East,College
11525,Massachusetts,,Wentworth Tech,849,,,,NCAA 3,Commonwealth Coast,College
11479,Connecticut,,Wesleyan CT,803,,,,NCAA 3,NESCAC,College
12149,Georgia,,Wesleyan GA,1475,,,,NCAA 3,Conference of the South,College
11319,Alabama,,West Alabama,641,,,,NCAA 2,Gulf South,College
11111,Pennsylvania,,West Chester,433,,,,NCAA 2,Penn St,College
11326,District of Columbia,,West Florida,648,,,,NCAA 2,Gulf South,College
11320,Georgia,,West Georgia,642,,,,NCAA 1,Atlantic Sun,College
11095,West Virginia,,West Liberty,417,,,,NCAA 2,Mountain East,College
10688,West Virginia,,West Virginia,7,,,,NCAA 1,Big 12,College
11837,California,,Westcliff,1163,,,,NAIA,California Pacific,College
12199,Texas,,Western Gulf,1527,,,,,,College
11138,Colorado,,Western St CO,460,,,,NCAA 2,RMAC,College
11947,Massachusetts,,Westfield St,1273,,,,NCAA 3,Massachusetts,College
11897,Missouri,,Westminster MO,1223,,,,NCAA 3,St Louis,College
11850,Pennsylvania,,Westminster PA,1176,,,,NCAA 3,Presidents,College
11130,Utah,,Westminster UT,452,,,,NCAA 2,RMAC,College
11571,California,,Westmont,895,,,,NCAA 2,Pacific West,College
11410,Illinois,,Wheaton Il,733,,,,NCAA 3,Illinois-Wisconsin,College
11517,Massachusetts,,Wheaton MA,841,,,,NCAA 3,New England,College
11104,West Virginia,,Wheeling,426,,,,NCAA 2,Mountain East,College
11654,Washington,,Whitman,979,,,,NCAA 3,Northwest,College
11593,California,,Whittier,917,,,,NCAA 3,Southern Cal,College
11655,Washington,,Whitworth,980,,,,NCAA 3,Northwest,College
10774,Kansas,,Wichita St,94,,,,NCAA 1,American Athletic,College
11746,Pennsylvania,,Widener,1072,,,,NCAA 3,Middle Atlantic,College
11607,Ohio,,Wilberforce,931,,,,NAIA,Mid-South,College
11666,Texas,,Wiley,991,,,,NAIA,Gulf Coast,College
11755,Pennsylvania,,Wilkes,1081,,,,NCAA 3,Middle Atlantic,College
11662,Oregon,,Willamette,987,,,,NCAA 3,Northwest,College
10960,Virginia,,William & Mary,280,,,,NCAA 1,Colonial,College
11616,Iowa,,William Penn,940,,,,NAIA,Heart of America,College
11474,Massachusetts,,Williams,798,,,,NCAA 3,NESCAC,College
11982,Arkansas,,Williams Bap,1308,,,,NAIA,American MW,College
12109,Pennsylvania,,Williamson Tr,1434,,,,Other,Other,College
11360,Delaware,,Wilmington DE,682,,,,NCAA 2,Central Atlantic,College
11268,Ohio,,Wilmington OH,590,,,,NCAA 3,Ohio,College
11912,Pennsylvania,,Wilson,1238,,,,NCAA 3,Colonial States,College
12129,Ontario,,Windsor,1455,,,,,,College
11228,North Carolina,,Wingate,550,,,,NCAA 2,South Atlantic,College
11201,Minnesota,,Winona St,523,,,,NCAA 2,Northern Sun,College
11034,South Carolina,,Winthrop,355,,,,NCAA 1,Big South,College
10699,Wisconsin,,Wisconsin,18,,,,NCAA 1,Big 10,College
11536,Ohio,,Wittenberg,860,,,,NCAA 3,North Coast Atlantic,College
11782,Mississippi,,Wm Carey,1108,,,,NAIA,Southern States,College
11570,California,,Wm Jessup,894,,,,NCAA 2,Pacific West,College
11242,Missouri,,Wm Jewell,564,,,,NCAA 2,Great Lakes Valley,College
11679,New Jersey,,Wm Paterson,1004,,,,NCAA 3,New Jersey,College
10913,South Carolina,,Wofford,233,,,,NCAA 1,Southern,College
11531,Ohio,,Wooster,855,,,,NCAA 3,North Coast Atlantic,College
11945,Massachusetts,,Worcester St,1271,,,,NCAA 3,Massachusetts,College
11513,Massachusetts,,Worcester Tech,837,,,,NCAA 3,New England,College
12104,Alberta,,Word of Life,1429,,,,Other,Other,College
11063,Ohio,,Wright St,384,,,,NCAA 1,Horizon,College
10768,Wisconsin,,Wyoming,88,,,,NCAA 1,Mountain West,College
10708,Ohio,,Xavier,27,,,,NCAA 1,Big East,College
11820,Louisiana,,Xavier LA,1146,,,,NAIA,Red River,College
10867,Connecticut,,Yale,187,,,,NCAA 1,Ivy,College
11809,New York,,Yeshiva,1135,,,,NCAA 3,Skyline,College
11726,Nebraska,,York NE,1052,,,,NAIA,Kansas,College
11869,New York,,York NY,1195,,,,NCAA 3,City Univ of NY,College
11750,Pennsylvania,,York PA,1076,,,,NCAA 3,Middle Atlantic,College
11255,Georgia,,Young Harris,577,,,,NCAA 2,Peach Belt,College
11062,North Dakota,,Youngstown St,383,,,,NCAA 1,Horizon,College
